arm,rho,delta,seed,n,learned_mcc,learned_mcc_spearman,learned_cca,learned_mcc_band,n_band,oracle_sigma,oracle_mcc,oracle_mcc_spearman,oracle_cca,gap_mcc,gap_mcc_spearman,kl_total,kl_min,active_units,recon_nats,posterior_collapse,deterministic_ae
conditional,0.05,0.0,0,2000,0.8501000657517588,0.8522149868037436,0.9936464028752277,,193,0.113037109375,0.9936689596477186,0.9935107133776746,0.9936677194765972,0.1435688938959598,0.1412957265739309,6.283603668212891,3.115899085998535,2,1366.61083984375,False,False
conditional,0.05,0.0,1,2000,0.987722783959276,0.9916326761581656,0.9898058230437424,0.6975381230753053,209,0.144287109375,0.9898431838196776,0.9897571131892744,0.9898316776250008,0.0021203998604016,-0.0018755629688911,6.334110260009766,3.120911836624145,2,1367.720703125,False,False
conditional,0.05,0.0,2,2000,0.746003609148681,0.7383055403263823,0.9929986509941776,,193,0.118408203125,0.9930119130443632,0.992899886974968,0.993013050511107,0.247008303895682,0.2545943466485858,6.272906303405762,3.107817411422729,2,1365.13427734375,False,False
conditional,0.05,0.0,3,2000,0.8523508078307945,0.8522267505566845,0.9918049578963846,0.5004423022492966,210,0.130126953125,0.9918351939570472,0.991789431447354,0.991832206134322,0.1394843861262527,0.1395626808906696,6.272420883178711,3.115780830383301,2,1366.5517578125,False,False
conditional,0.05,0.0,4,2000,0.9311326701467304,0.935378590344644,0.9895552674344884,0.4913154961064858,210,0.144775390625,0.9895517263534596,0.9893600585900112,0.9895476409095632,0.0584190562067292,0.0539814682453669,6.342526435852051,3.148928642272949,2,1366.745849609375,False,False
conditional,0.05,0.0,5,2000,0.9435693091942704,0.9474743346185804,0.9902755861485606,0.4932190072339947,214,0.142822265625,0.9902787631218996,0.9901346917836692,0.9902772465511246,0.0467094539276291,0.0426603571650889,6.3107757568359375,3.1467647552490234,2,1367.9732666015625,False,False
conditional,0.05,0.0,6,2000,0.9894656235398012,0.993813594953395,0.9904025451333788,0.8517049781003388,204,0.142333984375,0.9904155427962472,0.9897705921926444,0.9904137261411472,0.0009499192564459,-0.0040430027607506,6.153329849243164,3.008127450942993,2,1362.4530029296875,False,False
conditional,0.05,0.0,7,2000,0.8452098104951092,0.8450558832639679,0.9910115201532156,,187,0.134521484375,0.9909827848262112,0.9906322456580576,0.9909864540727524,0.1457729743311019,0.1455763623940897,6.282857418060303,3.1330957412719727,2,1367.58544921875,False,False
conditional,0.05,0.0,8,2000,0.9893167715009914,0.9944755991188962,0.9917399028658664,,179,0.129638671875,0.9917498650890046,0.9913849840962424,0.9917531486080524,0.0024330935880132,-0.0030906150226538,6.315969467163086,3.128503561019897,2,1368.611328125,False,False
conditional,0.05,0.0,9,2000,0.9408702196373911,0.9450510390127564,0.9922373928322276,,185,0.127197265625,0.9922803194320862,0.9919773282443284,0.9922579133508622,0.0514100997946949,0.046926289231572,6.2714924812316895,3.1256449222564697,2,1365.5423583984375,False,False
conditional,0.05,0.0,10,2000,0.9714606067495142,0.9770065385016312,0.9916583276277916,0.6254284581338531,211,0.128173828125,0.9916298358679624,0.9915176433794072,0.9916296028641272,0.0201692291184483,0.0145111048777759,6.312931060791016,3.115217685699463,2,1364.4482421875,False,False
conditional,0.05,0.0,11,2000,0.9151491395847936,0.9174056811014168,0.99162659724751,,190,0.134521484375,0.9916371087922484,0.9915532046382978,0.9916366133871336,0.0764879692074549,0.0741475235368809,6.335010528564453,3.161269187927246,2,1362.6590576171875,False,False
conditional,0.05,0.0,12,2000,0.8913168041251558,0.8925110801277668,0.9902679567787672,0.6191867677372564,211,0.139404296875,0.9902575871326652,0.9901111800277912,0.9902599704854697,0.0989407830075093,0.0976000999000245,6.269481182098389,3.1079087257385254,2,1366.302490234375,False,False
conditional,0.05,0.0,13,2000,0.951653933074322,0.954502265375563,0.9848059047421748,,171,0.176025390625,0.984798350665264,0.9842760660690126,0.9847970922392448,0.0331444175909418,0.0297738006934495,6.266781806945801,3.125560998916626,2,1363.9549560546875,False,False
conditional,0.05,0.0,14,2000,0.9584178768434706,0.962257817814451,0.9911616777667572,,190,0.134033203125,0.9911359812199604,0.9909021459755328,0.9911333498097834,0.0327181043764897,0.0286443281610819,6.33221435546875,3.1487045288085938,2,1362.995849609375,False,False
conditional,0.05,0.0,15,2000,0.935171551127187,0.9396056424014072,0.9920223505388774,,200,0.126708984375,0.992035283164803,0.9918211617052868,0.992043753679826,0.056863732037616,0.0522155193038796,6.365176200866699,3.173332929611206,2,1368.7996826171875,False,False
conditional,0.05,0.0,16,2000,0.9882605459744946,0.9931732125432994,0.9910209740708946,,189,0.134033203125,0.9910486403978072,0.9909004359751056,0.9910500543243672,0.0027880944233126,-0.0022727765681939,6.332005500793457,3.136510372161865,2,1368.318115234375,False,False
conditional,0.05,0.0,17,2000,0.9563842698882996,0.9620506287626536,0.9916916486172213,0.5882667453604974,203,0.132568359375,0.9916856508939762,0.9914700911175188,0.9916718958607508,0.0353013810056765,0.0294194623548652,6.261221885681152,3.085737943649292,2,1361.688720703125,False,False
conditional,0.05,0.0,18,2000,0.8741499515844952,0.8742451503112845,0.9937518467106724,0.5214541347534171,217,0.114013671875,0.9937536034159228,0.9935894003973468,0.9937400176463534,0.1196036518314275,0.1193442500860622,6.344203948974609,3.169748067855835,2,1362.8133544921875,False,False
conditional,0.05,0.0,19,2000,0.955753461270805,0.959739717684926,0.9902817465897892,0.5683385999818606,208,0.141357421875,0.9902816353888256,0.9901138237784524,0.9902727968872388,0.0345281741180206,0.0303741060935264,6.302643299102783,3.147264003753662,2,1363.6512451171875,False,False
conditional,0.05,0.0,20,2000,0.8222570694458129,0.8202361330590304,0.990471173223741,0.5039221609432346,212,0.136962890625,0.9905002386152162,0.990232918558226,0.990469381189921,0.1682431691694033,0.1699967854991957,6.207437992095947,3.055436611175537,2,1361.58203125,False,False
conditional,0.05,0.0,21,2000,0.9293488485577523,0.9331874505468594,0.9917212083425104,,183,0.131591796875,0.991732647301289,0.991519705879923,0.9917327265342166,0.0623837987435365,0.0583322553330636,6.324496269226074,3.144223213195801,2,1366.763671875,False,False
conditional,0.05,0.0,22,2000,0.9366242984993074,0.9401903695475892,0.9885825560558598,,163,0.152587890625,0.988614774488865,0.987902309475574,0.9886053954129156,0.0519904759895576,0.0477119399279847,6.278868675231934,3.1153337955474854,2,1366.4107666015625,False,False
conditional,0.05,0.0,23,2000,0.7927832243714539,0.7903698850924683,0.9929423901871038,0.526272482738287,209,0.118408203125,0.992953977202123,0.9927065586766362,0.9929554487873484,0.2001707528306691,0.2023366735841678,6.3958916664123535,3.173710823059082,2,1364.4002685546875,False,False
conditional,0.05,0.0,24,2000,0.8259537814321561,0.8187901251975283,0.9935468583066944,,178,0.111572265625,0.9935398106349258,0.9932650223162518,0.9935373669817816,0.1675860292027696,0.1744748971187235,6.377851963043213,3.157116174697876,2,1366.8060302734375,False,False
conditional,0.2,0.0,0,2000,0.7134992170849607,0.7048675289668798,0.9947560541995528,0.5920820091418524,838,0.102783203125,0.9947346862535456,0.9946082441520572,0.9947342552320184,0.2812354691685849,0.2897407151851774,6.3093976974487305,3.1403822898864746,2,1367.9354248046875,False,False
conditional,0.2,0.0,1,2000,0.9880175494190844,0.9920467782616912,0.989788806801246,0.986250904588946,814,0.144775390625,0.9897772014136532,0.9897046244261528,0.9897671709588318,0.0017596519945689,-0.0023421538355383,6.304390907287598,3.0831260681152344,2,1366.8349609375,False,False
conditional,0.2,0.0,2,2000,0.754461864974026,0.7471110937777707,0.9921992712020864,0.6269279285128283,827,0.124755859375,0.9922198488315344,0.992147789036944,0.9922196906044876,0.2377579838575083,0.2450366952591731,6.282125473022461,3.120580673217773,2,1364.22509765625,False,False
conditional,0.2,0.0,3,2000,0.8681644452137156,0.8691843410460821,0.994185496349123,0.6767629476884999,798,0.109619140625,0.9941778179202264,0.9941298452824576,0.9941776973863988,0.1260133727065109,0.1249455042363755,6.305657386779785,3.152827262878418,2,1366.57666015625,False,False
conditional,0.2,0.0,4,2000,0.9317920370763044,0.9369586869896682,0.9895391892783972,0.7380407942345881,797,0.144775390625,0.9895123002008912,0.989374438343606,0.989510589670902,0.0577202631245867,0.0524157513539378,6.351658821105957,3.1489408016204834,2,1365.762451171875,False,False
conditional,0.2,0.0,5,2000,0.9596220254017036,0.966124549531134,0.9900094105218328,0.8044129917542986,777,0.145263671875,0.9900048155453122,0.9898423807105914,0.9900034552892556,0.0303827901436086,0.0237178311794574,6.352099418640137,3.127290964126587,2,1367.7127685546875,False,False
conditional,0.2,0.0,6,2000,0.989096091119202,0.9926003481500834,0.990755941675902,0.9311801399169466,819,0.139404296875,0.9907764512274208,0.9901720957930202,0.99077548448218,0.0016803601082188,-0.0024282523570631,6.155337333679199,3.017902374267578,2,1362.0771484375,False,False
conditional,0.2,0.0,7,2000,0.8374230533601272,0.8373679215919776,0.991499798819824,0.6039509937543518,802,0.130126953125,0.9915232267018624,0.9912249273062284,0.99152390879961,0.1541001733417351,0.1538570057142507,6.287354469299316,3.1191534996032715,2,1367.984619140625,False,False
conditional,0.2,0.0,8,2000,0.9882505572915334,0.993507125376778,0.9909171328456424,0.970468672983472,769,0.136474609375,0.9908885639158732,0.990481062120262,0.9908932881713948,0.0026380066243398,-0.0030260632565159,6.328422546386719,3.1240572929382324,2,1367.951904296875,False,False
conditional,0.2,0.0,9,2000,0.9498802891567064,0.9547915126978748,0.9919162651698415,0.7466014667933516,774,0.130126953125,0.9919585746159248,0.9915251673812882,0.991927290656866,0.0420782854592184,0.0367336546834135,6.293509006500244,3.136261463165283,2,1365.3201904296875,False,False
conditional,0.2,0.0,10,2000,0.9739422002026622,0.9792571285642786,0.991998723082696,0.8524587999539814,818,0.125244140625,0.9919769192245936,0.9918743097185738,0.9919792986912704,0.0180347190219314,0.0126171811542952,6.3235859870910645,3.1383180618286133,2,1365.5728759765625,False,False
conditional,0.2,0.0,11,2000,0.9380052859686516,0.9419845297461288,0.990884279152054,0.7465085378763294,776,0.140380859375,0.9909098085718584,0.9907818099454488,0.9909090709001998,0.0529045226032066,0.0487972801993199,6.318475723266602,3.1584529876708984,2,1362.865234375,False,False
conditional,0.2,0.0,12,2000,0.9378628978084088,0.9414792591198112,0.9923694086465238,0.7621145782538585,807,0.123291015625,0.9923501044807814,0.9921740982935208,0.9923526152324216,0.0544872066723727,0.0506948391737095,6.329420566558838,3.13588285446167,2,1366.539794921875,False,False
conditional,0.2,0.0,13,2000,0.9764987763062662,0.9802166818041668,0.9863799481057608,0.8127726688148669,788,0.166748046875,0.986345964118302,0.9858880024719968,0.9863434996912444,0.0098471878120358,0.0056713206678299,6.2583723068237305,3.123386859893799,2,1364.73388671875,False,False
conditional,0.2,0.0,14,2000,0.9875562656047806,0.9929538839884672,0.9908146558923814,0.9665869533003986,818,0.136962890625,0.990799093879637,0.9905035958758952,0.9908010368519689,0.0032428282748564,-0.002450288112572,6.26906156539917,3.134239435195923,2,1363.6082763671875,False,False
conditional,0.2,0.0,15,2000,0.8643359629357958,0.8645357011339221,0.9909051527396552,0.6505919081730471,808,0.135986328125,0.9909032841689436,0.9906633834158424,0.9909079698912509,0.1265673212331477,0.1261276822819201,6.357602119445801,3.162492513656616,2,1368.22265625,False,False
conditional,0.2,0.0,16,2000,0.9890113345656052,0.99335189558797,0.9922533603872496,0.964911419335639,817,0.124755859375,0.992244662898793,0.9921267762816904,0.9922471943404468,0.0032333283331876,-0.0012251193062796,6.294162273406982,3.134136438369751,2,1369.923095703125,False,False
conditional,0.2,0.0,17,2000,0.9561670016286816,0.9608470157117504,0.9926588473515804,0.7849832682844068,780,0.124267578125,0.9926873222519936,0.9924668526167094,0.992678972664274,0.0365203206233119,0.0316198369049589,6.21617603302002,3.073859691619873,2,1361.3436279296875,False,False
conditional,0.2,0.0,18,2000,0.8575002173508548,0.8560944535236101,0.9934760428212056,0.6716017201866251,828,0.115966796875,0.9935005609740334,0.9933976193494014,0.9934825935879557,0.1360003436231786,0.1373031658257912,6.43427324295044,3.1874983310699463,2,1362.565185546875,False,False
conditional,0.2,0.0,19,2000,0.9806917477199192,0.9852485373121306,0.9900228290175054,0.8290678376650897,818,0.143798828125,0.9900073030518904,0.9898471604617864,0.9899996558052512,0.0093155553319711,0.0045986231496558,6.323119640350342,3.157158613204956,2,1363.976806640625,False,False
conditional,0.2,0.0,20,2000,0.8222627462106926,0.8194752196188019,0.992112823247112,0.5532811064006649,817,0.124755859375,0.9921233741865204,0.9918608097151989,0.992099990612476,0.1698606279758276,0.1723855900963969,6.249910831451416,3.075286626815796,2,1361.848388671875,False,False
conditional,0.2,0.0,21,2000,0.8863020213273242,0.890684136671031,0.9930085365224006,0.6479019753636537,783,0.120849609375,0.9929956888530344,0.9927251084312736,0.9929963829329582,0.1066936675257103,0.1020409717602425,6.383851528167725,3.188785552978516,2,1366.508544921875,False,False
conditional,0.2,0.0,22,2000,0.9379045319798346,0.9427026046756476,0.9888748757156516,0.7282585281975138,741,0.150634765625,0.9889165271013176,0.9882011388002808,0.9889092663802,0.051011995121483,0.0454985341246332,6.2556891441345215,3.0943713188171387,2,1366.0997314453125,False,False
conditional,0.2,0.0,23,2000,0.8146122165092324,0.8118102102025495,0.9929075445338058,0.6358580890086661,795,0.118896484375,0.9929286413740894,0.9925951288987788,0.9929348020093184,0.178316424864857,0.1807849186962291,6.397958755493164,3.163301706314087,2,1364.3087158203125,False,False
conditional,0.2,0.0,24,2000,0.790287128070673,0.793137827534454,0.9923633950056514,0.5902494943906297,809,0.121337890625,0.9923566128063204,0.992062127015528,0.992354653411022,0.2020694847356473,0.198924299481074,6.268249034881592,3.114566802978516,2,1366.79052734375,False,False
conditional,0.4,0.0,0,2000,0.76846716437581,0.7655850136462508,0.9946933921799156,0.710402823750471,1601,0.103271484375,0.9947156840980174,0.9945589721397392,0.994716547917906,0.2262485197222074,0.2289739584934885,6.266050338745117,3.098663568496704,2,1365.5682373046875,False,False
conditional,0.4,0.0,1,2000,0.9789611045131424,0.98244033486008,0.9918497938684764,0.9709838140582618,1614,0.129150390625,0.9918848517288796,0.9917497871874434,0.9918598347025812,0.0129237472157373,0.0093094523273633,6.320376396179199,3.114766836166382,2,1366.052001953125,False,False
conditional,0.4,0.0,2,2000,0.915288137420621,0.9165257883814436,0.9910411572727988,0.8021094837615617,1636,0.134033203125,0.9910230450665378,0.9910829845207424,0.9910295211168234,0.0757349076459168,0.0745571961392987,6.2665886878967285,3.118773460388184,2,1365.8914794921875,False,False
conditional,0.4,0.0,3,2000,0.8922842857699839,0.8952071695517891,0.9932063899341096,0.8083743345335268,1584,0.119384765625,0.9932210327529206,0.9930857467714328,0.9932207898404152,0.1009367469829367,0.0978785772196437,6.287471771240234,3.1362383365631104,2,1367.3883056640625,False,False
conditional,0.4,0.0,4,2000,0.7134598989207451,0.7077393606848377,0.9937617514684332,0.6524374192648216,1601,0.111083984375,0.9937632867958603,0.9936623101655736,0.9937592666282066,0.2803033878751152,0.285922949480736,6.319906234741211,3.150017261505127,2,1365.8419189453125,False,False
conditional,0.4,0.0,5,2000,0.9349631862076364,0.9393185130796248,0.9914065820962128,0.8150133123528349,1535,0.134521484375,0.991419484408758,0.9911533375383308,0.9914189543929112,0.0564562982011216,0.0518348244587061,6.304872989654541,3.137460231781006,2,1366.163330078125,False,False
conditional,0.4,0.0,6,2000,0.966958948877132,0.9707128271782032,0.9912334839862392,0.8994340874707887,1628,0.135986328125,0.9912194196969184,0.990662710665674,0.9912149716108792,0.0242604708197864,0.0199498834874706,6.176549911499023,3.033161401748657,2,1362.9334716796875,False,False
conditional,0.4,0.0,7,2000,0.8611218222729518,0.8622183070545735,0.9916006824252848,0.7666431720037625,1579,0.129638671875,0.9915686552046528,0.991210270802564,0.9915716109324416,0.130446832931701,0.1289919637479903,6.273734092712402,3.12988829612732,2,1366.25830078125,False,False
conditional,0.4,0.0,8,2000,0.9663001118372422,0.9706319869079932,0.9912775276139678,0.9049135279350892,1599,0.133544921875,0.9912838424043504,0.9909153999788464,0.9912846929696676,0.0249837305671082,0.020283413070853,6.338535308837891,3.1428451538085938,2,1368.1180419921875,False,False
conditional,0.4,0.0,9,2000,0.9282068779577072,0.9333792870948184,0.9915519216851816,0.843088927415783,1575,0.132568359375,0.9915858732306764,0.9912020958005204,0.9915773460432656,0.0633789952729694,0.057822808705702,6.327909469604492,3.144563913345337,2,1364.5997314453125,False,False
conditional,0.4,0.0,10,2000,0.987198104984379,0.991925127481278,0.9912274344053416,0.9856799911011208,1594,0.131591796875,0.9912183191672136,0.9910633682658384,0.9912110668274854,0.0040202141828346,-0.0008617592154394,6.311389446258545,3.1055307388305664,2,1364.9503173828125,False,False
conditional,0.4,0.0,11,2000,0.9643905576084764,0.9683154388288562,0.9902792485828292,0.879971942716872,1581,0.145263671875,0.9903081909141452,0.9901759200439764,0.990306854066183,0.0259176333056686,0.0218604812151201,6.329432487487793,3.1356210708618164,2,1362.2132568359375,False,False
conditional,0.4,0.0,12,2000,0.9613820902784734,0.9658017547004352,0.9918384392513008,0.9186385999022236,1645,0.127685546875,0.9918153457000024,0.991661877415466,0.991815357114123,0.0304332554215289,0.0258601227150307,6.30776309967041,3.139068365097046,2,1367.8272705078125,False,False
conditional,0.4,0.0,13,2000,0.9870933437351436,0.9911965375491308,0.9908772657516748,0.9850435590719642,1591,0.135498046875,0.9908939170814745,0.9905635891408936,0.9908973389474648,0.0038005733463307,-0.0006329484082371,6.2708516120910645,3.11124324798584,2,1364.61474609375,False,False
conditional,0.4,0.0,14,2000,0.9850402954416946,0.9885431898857936,0.9909685213467256,0.962426399296685,1653,0.135986328125,0.990960185184483,0.9906467536616848,0.9909567423456614,0.0059198897427884,0.002103563775891,6.262312889099121,3.114089250564575,2,1364.1280517578125,False,False
conditional,0.4,0.0,15,2000,0.9120663731935372,0.9172316540579102,0.9919470455219304,0.828728307277856,1650,0.127685546875,0.9919499788859368,0.9917571356892804,0.9919494562184288,0.0798836056923996,0.0745254816313703,6.306438446044922,3.152719020843506,2,1368.4315185546875,False,False
conditional,0.4,0.0,16,2000,0.9903605733814184,0.9935602253900526,0.992059053223062,0.979906884158343,1631,0.127197265625,0.992046252746406,0.991922089980519,0.9920449110658848,0.0016856793649876,-0.0016381354095336,6.323474884033203,3.145481824874878,2,1370.515625,False,False
conditional,0.4,0.0,17,2000,0.8798781428588798,0.8806089581522363,0.993298206077622,0.7898991940265774,1541,0.118896484375,0.9933199322830686,0.9930219720054893,0.9933204984037016,0.1134417894241888,0.1124130138532528,6.236371040344238,3.080374002456665,2,1360.1541748046875,False,False
conditional,0.4,0.0,18,2000,0.9269695088684418,0.9297166851791678,0.9856248343447828,0.8400567851401681,1636,0.173095703125,0.9856885021857512,0.9855527591381864,0.9856543449632836,0.0587189933173093,0.0558360739590184,6.360703945159912,3.132443428039551,2,1363.229248046875,False,False
conditional,0.4,0.0,19,2000,0.9869448510770078,0.9908894612223615,0.9907501778871148,0.9642275466918973,1590,0.138427734375,0.9907752347335752,0.9905180206295016,0.9907730304499912,0.0038303836565674,-0.00037144059286,6.29434871673584,3.103865623474121,2,1363.916015625,False,False
conditional,0.4,0.0,20,2000,0.8247772935040185,0.8229139434784829,0.9916148066368774,0.7010511776950836,1605,0.128662109375,0.991644091171626,0.9913625538406348,0.9916280095957788,0.1668667976676073,0.1684486103621518,6.271889686584473,3.091322183609009,2,1359.9356689453125,False,False
conditional,0.4,0.0,21,2000,0.7038770140076589,0.6858944592236123,0.9936931207288486,0.6215704573696097,1602,0.114990234375,0.9937105170808008,0.993406562351637,0.9937122004623992,0.289833503073142,0.3075121031280248,6.3314971923828125,3.156155586242676,2,1366.8070068359375,False,False
conditional,0.4,0.0,22,2000,0.7724909828552688,0.7668014217003527,0.9888074419181162,0.6867380311984619,1573,0.151123046875,0.9888580282636192,0.988133989783494,0.988841776078236,0.2163670454083504,0.2213325680831412,6.286307334899902,3.129980087280273,2,1366.3734130859375,False,False
conditional,0.4,0.0,23,2000,0.855065218609161,0.8554881166220258,0.992743653038723,0.7453941454874177,1595,0.120361328125,0.9927502986415752,0.9924510328627544,0.9927531272886428,0.1376850800324143,0.1369629162407285,6.3763532638549805,3.17226505279541,2,1365.3885498046875,False,False
conditional,0.4,0.0,24,2000,0.8987553923999569,0.902092909273224,0.992343907797172,0.784584576333404,1652,0.120849609375,0.9923636502171076,0.9921360410340064,0.9923613844725768,0.0936082578171507,0.0900431317607824,6.33111572265625,3.160063505172729,2,1366.4525146484375,False,False
conditional,0.6,0.0,0,2000,0.7135414539156006,0.7042394578098619,0.9941156668200376,0.7077047577666917,2400,0.109619140625,0.9940932081459202,0.9939007839751924,0.9940921989147432,0.2805517542303195,0.2896613261653307,6.263304710388184,3.097773551940918,2,1365.90771484375,False,False
conditional,0.6,0.0,1,2000,0.937284296336239,0.941998622249652,0.9918159616121648,0.9213085118734224,2427,0.129638671875,0.991834189386677,0.991639997659996,0.991809476325161,0.054549893050438,0.0496413754103437,6.3363237380981445,3.1642777919769287,2,1367.1671142578125,False,False
conditional,0.6,0.0,2,2000,0.7832950839040809,0.7800373777593417,0.9941671547190556,0.7458928281781545,2401,0.108154296875,0.994144017219778,0.994127326781828,0.9941527384593984,0.2108489333156971,0.2140899490224863,6.281833648681641,3.1269071102142334,2,1365.0325927734375,False,False
conditional,0.6,0.0,3,2000,0.8922668988472425,0.8958821172205261,0.9927967200862178,0.8626629577133509,2385,0.123291015625,0.9928209079957018,0.9926673539168348,0.9928091330739444,0.1005540091484592,0.0967852366963087,6.345701217651367,3.163928270339966,2,1367.62939453125,False,False
conditional,0.6,0.0,4,2000,0.7006092025913624,0.6950656992664224,0.9940988141082056,0.6906414032751117,2387,0.108154296875,0.9941354131362664,0.9939425499856338,0.9941240452999952,0.293526210544904,0.2988768507192114,6.305336952209473,3.142685413360596,2,1364.6766357421875,False,False
conditional,0.6,0.0,5,2000,0.7148823490063552,0.69983141045785,0.9944162213208289,0.7040279006121104,2373,0.107666015625,0.9944228510042646,0.9942597865649432,0.99442319681978,0.2795405019979095,0.294428376107093,6.34226131439209,3.1627559661865234,2,1367.0269775390625,False,False
conditional,0.6,0.0,6,2000,0.978460017517554,0.9806522489130588,0.9914078464755788,0.9688928591193944,2449,0.134033203125,0.991437141102388,0.9909141932285443,0.9914361147697772,0.012977123584834,0.0102619443154857,6.162388801574707,3.032079696655273,2,1363.666259765625,False,False
conditional,0.6,0.0,7,2000,0.8213394635025529,0.821222311305575,0.9916622751872932,0.791230415464338,2338,0.128662109375,0.9916840034536348,0.99117873479468,0.9916818951796046,0.170344539951082,0.1699564234891051,6.275425910949707,3.11679482460022,2,1364.6612548828125,False,False
conditional,0.6,0.0,8,2000,0.962846490806632,0.966662583165642,0.992421526283518,0.9371380282181953,2470,0.125244140625,0.992418310275998,0.9920845325211296,0.9924194324932886,0.0295718194693661,0.0254219493554874,6.307719230651856,3.1212704181671143,2,1369.0906982421875,False,False
conditional,0.6,0.0,9,2000,0.917575411136191,0.9213879038469726,0.9925014796661328,0.8773374145653476,2394,0.124267578125,0.9925005918740984,0.9922237400559312,0.9924977604648402,0.0749251807379073,0.0708358362089587,6.320521831512451,3.1360056400299072,2,1364.976806640625,False,False
conditional,0.6,0.0,10,2000,0.9791624866394176,0.983502526375628,0.9919997544287784,0.973624582636087,2415,0.125732421875,0.9920036515735452,0.991862110215524,0.9919923947136368,0.0128411649341275,0.0083595838398958,6.265973091125488,3.0945112705230717,2,1365.4033203125,False,False
conditional,0.6,0.0,11,2000,0.96981922557169,0.9725874571468608,0.9909495021331594,0.9507702933566824,2365,0.139892578125,0.990970046980454,0.990838458959611,0.9909694056362416,0.021150821408764,0.01825100181275,6.252056121826172,3.0993690490722656,2,1362.6109619140625,False,False
conditional,0.6,0.0,12,2000,0.7505941712988691,0.7383858405964574,0.9931884017706788,0.7200064289395136,2432,0.116455078125,0.993186660297252,0.9930917820229418,0.993186467766664,0.2425924889983828,0.2547059414264844,6.324180603027344,3.133731842041016,2,1368.4808349609375,False,False
conditional,0.6,0.0,13,2000,0.7333713486043092,0.7265409241352283,0.9936273624763998,0.6947540514059689,2389,0.113037109375,0.9936065486280252,0.9933567330891796,0.9936057643946142,0.260235200023716,0.2668158089539514,6.209784507751465,3.0810389518737797,2,1364.2967529296875,False,False
conditional,0.6,0.0,14,2000,0.937772995736197,0.9413896663474132,0.9926573089564124,0.9006260997811808,2420,0.122802734375,0.9926346780561665,0.992324646581158,0.9926313673874044,0.0548616823199693,0.0509349802337447,6.265840530395508,3.1185853481292725,2,1363.4554443359375,False,False
conditional,0.6,0.0,15,2000,0.8522311165097107,0.8514474126118501,0.9921875928756448,0.8196230719705343,2479,0.125732421875,0.9921897750138242,0.9920239520059844,0.9921883716342385,0.1399586585041135,0.1405765393941342,6.381420135498047,3.175166606903076,2,1369.389892578125,False,False
conditional,0.6,0.0,16,2000,0.9887265154575672,0.993307782826942,0.9910415381810578,0.993933621853166,2408,0.134521484375,0.9910676686448672,0.990953130238279,0.9910490918454272,0.0023411531872998,-0.002354652588663,6.266909122467041,3.117858648300171,2,1369.585693359375,False,False
conditional,0.6,0.0,17,2000,0.8843921710404268,0.8853637913409447,0.993542191953622,0.8505016811751704,2362,0.116943359375,0.9935464749423224,0.993352686088168,0.9935455362948546,0.1091543039018955,0.1079888947472234,6.271408081054688,3.090382575988769,2,1360.1802978515625,False,False
conditional,0.6,0.0,18,2000,0.84931451428636,0.8497058304264546,0.99453966181793,0.8087184822639695,2394,0.106201171875,0.9945434092368164,0.9943893408473312,0.9945296687979932,0.1452288949504564,0.1446835104208766,6.326396942138672,3.1492903232574463,2,1361.9049072265625,False,False
conditional,0.6,0.0,19,2000,0.9899587165701386,0.9946873639218372,0.9909625869750704,0.9951062008891234,2440,0.137939453125,0.9909600838467658,0.9906317731579398,0.9909557715017954,0.0010013672766272,-0.0040555907638974,6.266404151916504,3.0936172008514404,2,1364.9794921875,False,False
conditional,0.6,0.0,20,2000,0.8595147540945296,0.8599635012408724,0.9920697667194008,0.80014656607639,2350,0.125244140625,0.9920975976448634,0.9917517784379412,0.9920798779858008,0.1325828435503337,0.1317882771970687,6.220075130462647,3.067939281463623,2,1357.784912109375,False,False
conditional,0.6,0.0,21,2000,0.7956967058962503,0.7876514201628521,0.990094668489663,0.7721460738356094,2390,0.144775390625,0.9900939924302524,0.989616342654082,0.9901007950558538,0.194397286534002,0.20196492249123,6.322479248046875,3.129744529724121,2,1364.92529296875,False,False
conditional,0.6,0.0,22,2000,0.7791353384809733,0.7758390807097673,0.9920414704118125,0.7459138712556833,2398,0.127197265625,0.9920275848001516,0.9914712198678012,0.9920187399667932,0.2128922463191783,0.215632139158034,6.257126331329346,3.0816421508789062,2,1367.0799560546875,False,False
conditional,0.6,0.0,23,2000,0.7593106092476755,0.754517164129288,0.9940094203772376,0.7269983770447952,2402,0.109130859375,0.9940176214994252,0.9937493401873316,0.9940176590372322,0.2347070122517497,0.2392321760580434,6.386866569519043,3.166622877120972,2,1365.2025146484375,False,False
conditional,0.6,0.0,24,2000,0.8405776913551406,0.8423796590949117,0.9932198060298184,0.7916489452984071,2430,0.114013671875,0.993207301426922,0.9929970419992568,0.9932071073784888,0.1526296100717814,0.1506173829043451,6.302315711975098,3.138964891433716,2,1365.717529296875,False,False
conditional,0.8,0.0,0,2000,0.8326058786218812,0.8338084964521211,0.994193214528187,0.8296183081446743,3172,0.108154296875,0.994204812038055,0.9940419197604762,0.9942030428165888,0.1615989334161738,0.1602334233083551,6.344358921051025,3.15028715133667,2,1365.625,False,False
conditional,0.8,0.0,1,2000,0.9778078558494334,0.9828520714630142,0.9914995028022218,0.9804446929804218,3230,0.132568359375,0.9915030593350485,0.9912290913072694,0.9914893497368504,0.0136952034856149,0.0083770198442552,6.350950241088867,3.131990432739258,2,1365.4427490234375,False,False
conditional,0.8,0.0,2,2000,0.9367130227603442,0.941428901857222,0.9937785067876772,0.9349047463117784,3183,0.111572265625,0.9937736424183424,0.9937377526844346,0.9937805573984896,0.0570606196579981,0.0523088508272127,6.265713691711426,3.1079370975494385,2,1364.77197265625,False,False
conditional,0.8,0.0,3,2000,0.8716889576891989,0.8742262810565673,0.9933049715867336,0.8673167045447083,3171,0.118408203125,0.9932987488009168,0.9931849537962348,0.9932995680618488,0.1216097911117178,0.1189586727396675,6.335458755493164,3.162760972976685,2,1366.6519775390625,False,False
conditional,0.8,0.0,4,2000,0.7946706840075006,0.7913509115877251,0.9929419326878032,0.7765147267922442,3178,0.118408203125,0.9929692621013828,0.9927408186852008,0.992959356131098,0.1982985780938821,0.2013899070974758,6.330787658691406,3.156654596328736,2,1364.0439453125,False,False
conditional,0.8,0.0,5,2000,0.7206022378886496,0.718703230175805,0.9938055747319464,0.7141970618777906,3185,0.113525390625,0.9938085188721468,0.9936766726691646,0.993807779707619,0.2732062809834972,0.2749734424933596,6.341321468353272,3.166745185852051,2,1365.4359130859375,False,False
conditional,0.8,0.0,6,2000,0.9819328255766248,0.98409233402308,0.9915245477921204,0.9813504910287544,3222,0.134033203125,0.9915183264089882,0.990946818986701,0.9915254131524373,0.0095855008323633,0.006854484963621,6.17927885055542,3.0277655124664307,2,1364.0455322265625,False,False
conditional,0.8,0.0,7,2000,0.9004986117644795,0.9056464986616212,0.991493461525042,0.8974346940986255,3183,0.130126953125,0.9914659286758698,0.9911039882759936,0.9914621828103226,0.0909673169113902,0.0854574896143722,6.3247575759887695,3.145206928253174,2,1366.9554443359375,False,False
conditional,0.8,0.0,8,2000,0.973451077875655,0.9773593318398291,0.9918008272957264,0.9700235299603204,3266,0.130126953125,0.9918183221877228,0.9914256911064192,0.991814116327192,0.0183672443120677,0.0140663592665898,6.347884654998779,3.1385653018951416,2,1369.5072021484375,False,False
conditional,0.8,0.0,9,2000,0.8196749388767852,0.8219484044870979,0.99312243032556,0.8106864595715837,3196,0.119384765625,0.993146702608283,0.9928506277126532,0.9931480858236053,0.1734717637314977,0.1709022232255552,6.285678863525391,3.104965925216675,2,1365.5916748046875,False,False
conditional,0.8,0.0,10,2000,0.9846560646152512,0.9894663913665942,0.9914498988528404,0.9874311547665832,3239,0.130126953125,0.9914365234007578,0.991286758821686,0.9914317887552954,0.0067804587855067,0.0018203674550918,6.291111946105957,3.1241719722747803,2,1367.4771728515625,False,False
conditional,0.8,0.0,11,2000,0.9721271619015568,0.9747443121860744,0.9922331508626712,0.9699676678616216,3215,0.129638671875,0.9922275063797292,0.9921755615438868,0.9922268667830452,0.0201003444781724,0.0174312493578123,6.307261943817139,3.1303868293762207,2,1364.447021484375,False,False
conditional,0.8,0.0,12,2000,0.8229555328178326,0.8211537552884359,0.993717141506693,0.8176962791745426,3199,0.112060546875,0.9936910157862834,0.9935709923927444,0.9936910589007468,0.1707354829684507,0.1724172371043085,6.368919849395752,3.1783392429351807,2,1366.69970703125,False,False
conditional,0.8,0.0,13,2000,0.7320880763579549,0.7277370394342573,0.9934136606355788,0.7189500395324555,3212,0.114501953125,0.9933870242821898,0.9931360642840126,0.9933890414098332,0.2612989479242349,0.2653990248497553,6.284874439239502,3.134880781173706,2,1364.596923828125,False,False
conditional,0.8,0.0,14,2000,0.9895021424700976,0.9937424574356108,0.9919836305068628,0.9901741827037656,3190,0.128173828125,0.991962116267685,0.9916964854241178,0.991963837108732,0.0024599737975874,-0.002045972011493,6.28007698059082,3.131255865097046,2,1362.611083984375,False,False
conditional,0.8,0.0,15,2000,0.8755587657450556,0.8762801993200469,0.9903419769050712,0.8717871396892716,3204,0.139892578125,0.9903384803723788,0.9900324915081192,0.9903476622817422,0.114779714627323,0.1137522921880722,6.3298749923706055,3.161462783813477,2,1366.963623046875,False,False
conditional,0.8,0.0,16,2000,0.9724048978934752,0.9779248102311991,0.9912475918395948,0.9742376046828972,3200,0.133544921875,0.9912777304851365,0.9911121910280444,0.991274229975748,0.0188728325916611,0.0131873807968451,6.296390533447266,3.1291964054107666,2,1369.90771484375,False,False
conditional,0.8,0.0,17,2000,0.985284504263776,0.9895127458781828,0.9920314986268076,0.9878130984650356,3211,0.130126953125,0.9920571008813042,0.991894122473527,0.9920558373610382,0.006772596617528,0.0023813765953443,6.280845642089844,3.102603912353516,2,1362.5499267578125,False,False
conditional,0.8,0.0,18,2000,0.991334600929276,0.9944821871205431,0.9925304451765437,0.9927165286362722,3185,0.123779296875,0.9925707519745308,0.9923766193441514,0.9925579254056268,0.0012361510452546,-0.0021055677763917,6.354885101318359,3.128084182739258,2,1362.1025390625,False,False
conditional,0.8,0.0,19,2000,0.9833542930841056,0.9891639507909842,0.9906501938824426,0.98728124757087,3204,0.140380859375,0.990632575682082,0.990304437826106,0.9906318706490234,0.0072782825979762,0.0011404870351217,6.29434871673584,3.117295503616333,2,1363.2362060546875,False,False
conditional,0.8,0.0,20,2000,0.9653836877922948,0.9694728668682132,0.991421997457378,0.9582919255790008,3180,0.130615234375,0.9914433109864832,0.9911522695380636,0.9914254542070684,0.0260596231941881,0.0216794026698503,6.278206825256348,3.133432626724243,2,1359.0111083984375,False,False
conditional,0.8,0.0,21,2000,0.8085470304380011,0.8089140184785018,0.993943313368206,0.7952565169217958,3194,0.112548828125,0.9939540009359416,0.993706365926588,0.993952454379985,0.1854069704979404,0.1847923474480861,6.302337169647217,3.136903762817383,2,1365.2227783203125,False,False
conditional,0.8,0.0,22,2000,0.7800118069590496,0.7748921139730258,0.9889165991448932,0.7745279755650316,3184,0.150146484375,0.9889164948454126,0.988262369565589,0.9889071429686204,0.2089046878863629,0.2133702555925631,6.317576408386231,3.1273560523986816,2,1366.4761962890625,False,False
conditional,0.8,0.0,23,2000,0.7539938110215831,0.749191742797933,0.9946047651740848,0.7405381390253252,3217,0.103271484375,0.9946134353225444,0.9944141486035334,0.9946149457247462,0.2406196243009613,0.2452224058056004,6.370030403137207,3.163635969161988,2,1365.2125244140625,False,False
conditional,0.8,0.0,24,2000,0.7840784046190389,0.7824050458512584,0.9819905585672692,0.7858726851919307,3216,0.187744140625,0.981965190405075,0.9816277621569371,0.9819667789159188,0.1978867857860361,0.1992227163056787,6.300643444061279,3.1096885204315186,2,1366.62109375,False,False
conditional,1.0,0.0,0,2000,0.7523727894863497,0.7462602005650476,0.9943333561188834,0.7523727894863497,4000,0.107177734375,0.994359630964568,0.9942321070580228,0.9943582708927295,0.2419868414782184,0.2479719064929753,6.323343753814697,3.1332690715789795,2,1366.1961669921875,False,False
conditional,1.0,0.0,1,2000,0.9557296900406748,0.96153429488357,0.9916652642020268,0.9557296900406748,4000,0.130126953125,0.991684709641394,0.99151609312902,0.991677538878162,0.0359550196007194,0.0299817982454497,6.345762252807617,3.157132863998413,2,1364.69287109375,False,False
conditional,1.0,0.0,2,2000,0.9914217634906252,0.9953636180909008,0.9917523266687548,0.9914217634906252,4000,0.129638671875,0.991717937616586,0.9915204236301024,0.9917237219496264,0.0002961741259608,-0.0038431944607986,6.286875247955322,3.1241469383239746,2,1363.4359130859375,False,False
conditional,1.0,0.0,3,2000,0.9291122824231536,0.933077964769488,0.9937126234314198,0.9291122824231536,4000,0.114990234375,0.993707001430152,0.993541686885418,0.9937064971579312,0.0645947190069986,0.06046372211593,6.296952247619629,3.137432336807251,2,1365.0206298828125,False,False
conditional,1.0,0.0,4,2000,0.857118739709708,0.8593322785830665,0.9933136993509056,0.857118739709708,4000,0.114990234375,0.9932911821795634,0.9930694485173586,0.9932874543736494,0.1361724424698553,0.133737169934292,6.363237380981445,3.171198844909668,2,1365.2547607421875,False,False
conditional,1.0,0.0,5,2000,0.8980327578192263,0.9025074351268556,0.9918912522161886,0.8980327578192263,4000,0.129638671875,0.9918747575677114,0.9917653166913256,0.991865660507248,0.093841999748485,0.0892578815644699,6.36544132232666,3.179051160812378,2,1365.2479248046875,False,False
conditional,1.0,0.0,6,2000,0.95667800258352,0.9581287937821948,0.9915871895196096,0.95667800258352,4000,0.133544921875,0.991589110106316,0.990991950247984,0.9915970905498844,0.0349111075227959,0.0328631564657891,6.114874362945557,3.025191307067871,2,1364.9759521484375,False,False
conditional,1.0,0.0,7,2000,0.8918073227558474,0.8956520171630011,0.9908714024407526,0.8918073227558474,4000,0.134033203125,0.990862376812632,0.9906162339040548,0.9908616483648772,0.0990550540567847,0.0949642167410537,6.271519184112549,3.1249711513519287,2,1366.1300048828125,False,False
conditional,1.0,0.0,8,2000,0.9783807375253089,0.9824646198661516,0.9914087374118244,0.9783807375253089,4000,0.133056640625,0.9913969047022956,0.9909799524949844,0.9913968839450124,0.0130161671769867,0.0085153326288329,6.31058931350708,3.1265881061553955,2,1369.373046875,False,False
conditional,1.0,0.0,9,2000,0.8388067031249578,0.8389764642441129,0.9927839709390696,0.8388067031249578,4000,0.122802734375,0.992780928747919,0.9924454288613532,0.9927760023013636,0.1539742256229612,0.1534689646172404,6.245148658752441,3.068655014038086,2,1366.002197265625,False,False
conditional,1.0,0.0,10,2000,0.9853974599686436,0.988731842682957,0.9921992816523904,0.9853974599686436,4000,0.124755859375,0.9921937645217432,0.9920315150078752,0.992190257701238,0.0067963045530994,0.0032996723249181,6.34379243850708,3.137731075286865,2,1366.5594482421875,False,False
conditional,1.0,0.0,11,2000,0.9321979581591798,0.9355371403842816,0.9923732903725312,0.9321979581591798,4000,0.128173828125,0.9924100847801904,0.9923566895891688,0.9923991843603654,0.0602121266210106,0.0568195492048869,6.2803215980529785,3.1349422931671143,2,1364.093505859375,False,False
conditional,1.0,0.0,12,2000,0.8337185265075423,0.8328249139562256,0.993543094698646,0.8337185265075423,4000,0.113037109375,0.9935395652394772,0.993373646343408,0.9935411763963042,0.1598210387319348,0.1605487323871823,6.3360209465026855,3.167555093765259,2,1366.928466796875,False,False
conditional,1.0,0.0,13,2000,0.7687311265188792,0.7597222801805674,0.9924586208361756,0.7687311265188792,4000,0.122314453125,0.9924646266241112,0.9922148690537136,0.9924678750665826,0.223733500105232,0.2324925888731462,6.252464294433594,3.110595703125,2,1364.2115478515625,False,False
conditional,1.0,0.0,14,2000,0.9465494575605482,0.9506867324216796,0.9914944194036522,0.9465494575605482,4000,0.131591796875,0.9914575168136786,0.9912193030548222,0.9914645182798908,0.0449080592531303,0.0405325706331425,6.310189247131348,3.123791217803955,2,1361.903564453125,False,False
conditional,1.0,0.0,15,2000,0.8980080087057366,0.8986024796506167,0.9915546024530756,0.8980080087057366,4000,0.130126953125,0.9915729197067856,0.9912568795642164,0.991570812978191,0.0935649110010489,0.0926543999135995,6.371953964233398,3.174314498901367,2,1366.2330322265625,False,False
conditional,1.0,0.0,16,2000,0.9884490449512376,0.993840926460228,0.9905857455829488,0.9884490449512376,4000,0.138427734375,0.990604321680178,0.990436290109069,0.990603875878892,0.0021552767289402,-0.0034046363511591,6.314095973968506,3.150317668914795,2,1369.31103515625,False,False
conditional,1.0,0.0,17,2000,0.9806923498637086,0.985372261843062,0.9923358393719408,0.9806923498637086,4000,0.127197265625,0.992357997792517,0.9922084093020987,0.9923555143400886,0.0116656479288084,0.0068361474590368,6.280428409576416,3.117634057998657,2,1362.8929443359375,False,False
conditional,1.0,0.0,18,2000,0.893021293601554,0.8963391065847732,0.9943435056790996,0.893021293601554,4000,0.107666015625,0.994356669767062,0.9942446733111646,0.9943508097932514,0.101335376165508,0.0979055667263913,6.372581481933594,3.1728615760803223,2,1361.85205078125,False,False
conditional,1.0,0.0,19,2000,0.9844947188201312,0.9897524421881068,0.9907004429629064,0.9844947188201312,4000,0.139404296875,0.9906864904736354,0.9904659128664748,0.9906802562565736,0.0061917716535042,0.0007134706783679,6.247297286987305,3.091707468032837,2,1363.3472900390625,False,False
conditional,1.0,0.0,20,2000,0.950074173755242,0.9544203271050784,0.992530225322857,0.950074173755242,4000,0.121337890625,0.9925346412228564,0.9923417120854244,0.9925040469213272,0.0424604674676142,0.0379213849803462,6.277351379394531,3.118818521499634,2,1359.5399169921875,False,False
conditional,1.0,0.0,21,2000,0.834464569467791,0.8335084528771104,0.992210867111937,0.834464569467791,4000,0.128662109375,0.992203570036434,0.9919459392364812,0.9921992302231356,0.1577390005686431,0.1584374863593707,6.314425945281982,3.1204092502593994,2,1365.38720703125,False,False
conditional,1.0,0.0,22,2000,0.7825795183125597,0.7744698121174501,0.9907352768457268,0.7825795183125597,4000,0.136474609375,0.9907448925510468,0.9901785232946272,0.990740125159092,0.208165374238487,0.215708711177177,6.319216728210449,3.103283166885376,2,1365.9072265625,False,False
conditional,1.0,0.0,23,2000,0.7191894561901854,0.7158634504658599,0.9939993113442944,0.7191894561901854,4000,0.109130859375,0.9939959719427311,0.9937355326838796,0.9939914759426696,0.2748065157525459,0.2778720822180197,6.362483024597168,3.1697986125946045,2,1365.8521728515625,False,False
conditional,1.0,0.0,24,2000,0.8262356875430583,0.8255427308856798,0.9932992379188028,0.8262356875430583,4000,0.113525390625,0.9932977503857816,0.9930307815076918,0.99329232628008,0.1670620628427233,0.167488050622012,6.277824401855469,3.1357290744781494,2,1366.1949462890625,False,False
conditional,0.05,2.0,0,2000,0.7020052407821726,0.6904601401150325,0.7785826924595123,,193,0.804443359375,0.7786569696916653,0.7760385417596326,0.7785636250555862,0.0766517289094926,0.0855784016446,5.421981334686279,2.6459004878997803,2,1028.4473876953125,False,False
conditional,0.05,2.0,1,2000,0.6293901411429781,0.6214163438540836,0.8549832669713243,0.3808004003709521,209,0.613525390625,0.8552389869518862,0.8571595287898792,0.8549720784520025,0.225848845808908,0.2357431849357956,5.42364501953125,2.585891008377075,2,1030.083251953125,False,False
conditional,0.05,2.0,2,2000,0.8790457186490879,0.8739230822307672,0.8793805494522455,,193,0.539794921875,0.879401247166832,0.8814771073692735,0.8794261526751315,0.0003555285177441,0.0075540251385063,5.382012367248535,2.467395544052124,2,1028.3199462890625,False,False
conditional,0.05,2.0,3,2000,0.6510489798301906,0.6453505635876386,0.8430512835732283,0.4674995884778711,210,0.653564453125,0.8431104101114844,0.8446532539133103,0.8430295979098283,0.1920614302812937,0.1993026903256716,5.388425350189209,2.5820815563201904,2,1028.326416015625,False,False
conditional,0.05,2.0,4,2000,0.8415147099502431,0.8342457285614292,0.8516054610835885,0.5034059607341594,210,0.620361328125,0.8516556943744803,0.8526087714021895,0.8515932545292791,0.0101409844242371,0.0183630428407602,5.461785793304443,2.5251827239990234,2,1028.8653564453125,False,False
conditional,0.05,2.0,5,2000,0.7143460558338186,0.7098222919555703,0.8727109557072503,0.4489920996984364,214,0.567626953125,0.872691205860133,0.87556705264176,0.8726672753205599,0.1583451500263144,0.1657447606861897,5.46351432800293,2.5820648670196533,2,1028.7020263671875,False,False
conditional,0.05,2.0,6,2000,0.7019995474938566,0.6914845518711354,0.85999557038139,0.3966959022720383,204,0.605712890625,0.8599947167158207,0.8585387078846737,0.8599428123460207,0.1579951692219641,0.1670541560135382,5.42911434173584,2.6311585903167725,2,1025.7196044921875,False,False
conditional,0.05,2.0,7,2000,0.7571234209555289,0.7556720054179986,0.8650148719106723,,187,0.577392578125,0.8649448049031707,0.8629765549941353,0.8650655562025251,0.1078213839476418,0.1073045495761366,5.402846336364746,2.663850784301758,2,1028.181640625,False,False
conditional,0.05,2.0,8,2000,0.6602558410131567,0.6420791947697964,0.664926627731971,,179,1.081298828125,0.6649156680675425,0.6608352069587995,0.6648948508516409,0.0046598270543858,0.0187560121890031,5.48445987701416,2.5125107765197754,2,1028.5302734375,False,False
conditional,0.05,2.0,9,2000,0.5390922897221384,0.528068119517028,0.663950667514289,,185,1.152587890625,0.6641391285058138,0.6613958185989521,0.6638726388866285,0.1250468387836754,0.1333276990819241,5.4969482421875,2.548128366470337,2,1027.010498046875,False,False
conditional,0.05,2.0,10,2000,0.6842509231170149,0.6836037104009252,0.8478190304154567,0.4211715005264549,211,0.622802734375,0.8481274051949101,0.846752943938233,0.8478758990908548,0.1638764820778953,0.1631492335373078,5.541330814361572,2.7156708240509038,2,1027.1065673828125,False,False
conditional,0.05,2.0,11,2000,0.7913959537744611,0.7853090908272697,0.8279941092453855,,190,0.703369140625,0.8279133972671653,0.8304005466001334,0.8279120812505156,0.0365174434927041,0.0450914557728636,5.349400520324707,2.4645800590515137,2,1025.033935546875,False,False
conditional,0.05,2.0,12,2000,0.7706643715688195,0.7592684933171205,0.8531623542624733,0.4533066753646399,211,0.611572265625,0.8530366051772929,0.8555593951398457,0.8530783143193764,0.0823722336084733,0.0962909018227251,5.401344299316406,2.5121407508850098,2,1026.290283203125,False,False
conditional,0.05,2.0,13,2000,0.5669295692094047,0.5644322618580634,0.6930813294448939,,171,1.030517578125,0.6929062933350669,0.6902252850563186,0.6929993434200791,0.1259767241256622,0.1257930231982552,5.430441856384277,2.605153083801269,2,1027.1217041015625,False,False
conditional,0.05,2.0,14,2000,0.6210809711862411,0.6145317178829273,0.871037032983673,,190,0.569091796875,0.8712404946859295,0.870971408492849,0.8710857698679375,0.2501595234996884,0.2564396906099218,5.534760475158691,2.6144773960113525,2,1024.572021484375,False,False
conditional,0.05,2.0,15,2000,0.7189299470468498,0.7153684968421217,0.8849258814618308,,200,0.520751953125,0.8849424944952616,0.88254837313709,0.8848908347277563,0.1660125474484118,0.1671798762949683,5.540985107421875,2.6016957759857178,2,1030.2159423828125,False,False
conditional,0.05,2.0,16,2000,0.5984669915377862,0.5922541015635232,0.8003180630068407,,189,0.747314453125,0.8003734850054455,0.8021852935463203,0.8003692017617501,0.2019064934676593,0.209931191982797,5.364524841308594,2.5936315059661865,2,1029.77099609375,False,False
conditional,0.05,2.0,17,2000,0.8211167665518864,0.8208932584733115,0.8268279993031629,0.531869421699687,203,0.693603515625,0.8272063010576118,0.8285789581447365,0.8267539206569017,0.0060895345057254,0.0076856996714249,5.333752632141113,2.4123284816741943,2,1023.6007080078124,False,False
conditional,0.05,2.0,18,2000,0.758657144266232,0.7559449169862265,0.8146843487674135,0.562331952942233,217,0.714111328125,0.8153457814926861,0.8168964977241215,0.8146997106660945,0.0566886372264541,0.060951580737895,5.3841938972473145,2.440669536590576,2,1024.3358154296875,False,False
conditional,0.05,2.0,19,2000,0.7161384728440388,0.7061751595437875,0.853824584708699,0.5201668917585068,208,0.615966796875,0.8538024399492354,0.8547760649440133,0.8538199946233127,0.1376639671051966,0.1486009054002257,5.424283027648926,2.542599678039551,2,1026.0465087890625,False,False
conditional,0.05,2.0,20,2000,0.7862465471524764,0.7816277531569354,0.8377117299461401,0.4864695809052152,212,0.640869140625,0.8380289146896669,0.8383065385766316,0.8376860403392175,0.0517823675371904,0.0566787854196961,5.423794269561768,2.6333436965942383,2,1023.097900390625,False,False
conditional,0.05,2.0,21,2000,0.7313103159781906,0.7236014056503488,0.8651811386097473,,183,0.587158203125,0.8651929227730514,0.8673616965904211,0.8652587616878115,0.1338826067948607,0.1437602909400722,5.413651943206787,2.5636978149414062,2,1028.46142578125,False,False
conditional,0.05,2.0,22,2000,0.83703184207277,0.837202404050598,0.8431355771792535,,163,0.640869140625,0.8430799674194163,0.8394320143580006,0.8431424611667717,0.0060481253466462,0.0022296103074026,5.45003080368042,2.5247528553009038,2,1026.499755859375,False,False
conditional,0.05,2.0,23,2000,0.7335713805495037,0.7319441864860439,0.8640408849572496,0.4900402088730068,209,0.574462890625,0.8641264796273349,0.8645132798783167,0.8641084967072432,0.1305550990778312,0.1325690933922728,5.519262313842773,2.615188837051392,2,1026.28515625,False,False
conditional,0.05,2.0,24,2000,0.843806205464011,0.8429597812399425,0.8582449653198513,,178,0.586669921875,0.8584355232876058,0.85825525206381,0.8583321364084912,0.0146293178235947,0.0152954708238675,5.362394332885742,2.44590425491333,2,1028.829833984375,False,False
conditional,0.2,2.0,0,2000,0.7991087317561862,0.7957277761819412,0.8142560770721392,0.5918329148747807,838,0.709716796875,0.8141912226444972,0.8118802414700576,0.8142788160059525,0.0150824908883109,0.0161524652881163,5.533668518066406,2.727884292602539,2,1030.6002197265625,False,False
conditional,0.2,2.0,1,2000,0.6306521299158159,0.6226316749079166,0.8757524417688084,0.4799068130463426,814,0.556884765625,0.8760738981409377,0.8773563655890881,0.8758033183497655,0.2454217682251218,0.2547246906811715,5.477898597717285,2.5960962772369385,2,1031.244873046875,False,False
conditional,0.2,2.0,2,2000,0.910694172321475,0.9114121843530428,0.9174716228410392,0.6738352050247218,827,0.431396484375,0.9175047916835386,0.9192512703128142,0.9175293983761196,0.0068106193620636,0.0078390859597714,5.566838264465332,2.6331627368927,2,1029.0379638671875,False,False
conditional,0.2,2.0,3,2000,0.6994100089864055,0.6932795558198865,0.8889571674617518,0.5422043664061926,798,0.524169921875,0.8890443341917085,0.8909302222325522,0.8890426737772745,0.189634325205303,0.1976506664126657,5.473582267761231,2.5893266201019287,2,1028.62939453125,False,False
conditional,0.2,2.0,4,2000,0.8485405703497022,0.8460501975125463,0.8746333188503556,0.6167418577587382,797,0.556884765625,0.8746098174105871,0.876009147752284,0.8745841904353058,0.0260692470608848,0.0299589502397377,5.4210309982299805,2.5393075942993164,2,1029.8203125,False,False
conditional,0.2,2.0,5,2000,0.7214192132491917,0.7197839391959823,0.9066324677176542,0.554178965906621,777,0.474365234375,0.9066506027967368,0.9090120877530186,0.9066112273332576,0.1852313895475452,0.1892281485570363,5.596673965454102,2.666464328765869,2,1029.515380859375,False,False
conditional,0.2,2.0,6,2000,0.6935243211430235,0.6820237165059265,0.883483633926407,0.4824168032316409,819,0.539794921875,0.8835809781763986,0.8818332299583042,0.8835452870854642,0.190056657033375,0.1998095134523776,5.410863876342773,2.64251708984375,2,1027.08447265625,False,False
conditional,0.2,2.0,7,2000,0.7686698977223096,0.7674083968520965,0.8785284695901443,0.5880952783328146,802,0.540283203125,0.8784046715368219,0.8770194595048617,0.8784410278204753,0.1097347738145122,0.1096110626527652,5.439363479614258,2.708634853363037,2,1030.6689453125,False,False
conditional,0.2,2.0,8,2000,0.6907841748557759,0.6952479853119937,0.6784423696711961,0.5541893259432074,769,1.051513671875,0.6783150483937948,0.6740955882738946,0.6784964801522964,-0.0124691264619811,-0.0211523970380991,5.5509934425354,2.6653566360473637,2,1029.493896484375,False,False
conditional,0.2,2.0,9,2000,0.7714293385678279,0.780822071455515,0.8028241502551976,0.6264178292667174,774,0.760498046875,0.8031517101209689,0.8042908560727111,0.8028901578224534,0.0317223715531409,0.0234687846171961,5.511468887329102,2.516514539718628,2,1028.3433837890625,False,False
conditional,0.2,2.0,10,2000,0.726387124550808,0.7253648653412137,0.8860410950264037,0.5436652822249245,818,0.519775390625,0.886119171279022,0.8858294927073702,0.8859789530703512,0.1597320467282139,0.1604646273661565,5.601138114929199,2.7480337619781494,2,1028.3494873046875,False,False
conditional,0.2,2.0,11,2000,0.8295436940827959,0.8270525225131276,0.8888024323975199,0.5756414725900069,776,0.533935546875,0.8888758261363485,0.8908275509568844,0.8888712523861946,0.0593321320535525,0.0637750284437568,5.481107711791992,2.597689390182495,2,1026.4759521484375,False,False
conditional,0.2,2.0,12,2000,0.7361724429571861,0.7307016506754098,0.8825106696090255,0.5637689236123737,807,0.531982421875,0.8825267686641922,0.8845410988852713,0.8825646174333905,0.1463543257070061,0.1538394482098615,5.512592315673828,2.5984015464782715,2,1028.1705322265625,False,False
conditional,0.2,2.0,13,2000,0.6147485934591308,0.6099327894831953,0.6986310943366976,0.4711920856809095,788,1.012939453125,0.6985523170930878,0.6965230396307576,0.6986110394732101,0.083803723633957,0.0865902501475622,5.514607906341553,2.660731554031372,2,1029.6837158203125,False,False
conditional,0.2,2.0,14,2000,0.6723753516315872,0.6655411513852854,0.9163303220323656,0.5519439548052456,818,0.441162109375,0.9163228222086516,0.9162203440550828,0.9163294934731252,0.2439474705770644,0.2506791926697973,5.652501583099365,2.7016329765319824,2,1026.526123046875,False,False
conditional,0.2,2.0,15,2000,0.6563722902226006,0.6494476811119179,0.8979141845757173,0.5264354420205933,808,0.488037109375,0.8978321822958226,0.8954373003593219,0.8978651193298275,0.241459892073222,0.245989619247404,5.557209968566895,2.6179850101470947,2,1030.490234375,False,False
conditional,0.2,2.0,16,2000,0.6287338640283275,0.6241860900465203,0.867069078863604,0.444950609372015,817,0.573486328125,0.8670504731556883,0.8694020278505038,0.8669866684601798,0.2383166091273607,0.2452159378039835,5.466673851013184,2.6239659786224365,2,1032.843505859375,False,False
conditional,0.2,2.0,17,2000,0.861611924917181,0.8637376131844,0.8710050911769047,0.6182374766246047,780,0.575927734375,0.8713524628400138,0.8732640405660067,0.8710668524649835,0.0097405379228328,0.0095264273816066,5.471698760986328,2.547321557998657,2,1024.072021484375,False,False
conditional,0.2,2.0,18,2000,0.7795658062242334,0.7835162408790572,0.7937373053643417,0.6382415221284155,828,0.764892578125,0.794535233393753,0.7957898919474702,0.7937262213071,0.0149694271695195,0.0122736510684129,5.482254981994629,2.4967479705810547,2,1025.627197265625,False,False
conditional,0.2,2.0,19,2000,0.751164319022976,0.7437922709480651,0.9016856015025516,0.5844807507434846,818,0.486572265625,0.9017558959869708,0.9029645587411363,0.9017383012261532,0.1505915769639949,0.1591722877930712,5.568070411682129,2.6709556579589844,2,1027.99560546875,False,False
conditional,0.2,2.0,20,2000,0.7648745915936124,0.7614285696071394,0.8712380960993018,0.5411099875052596,817,0.554443359375,0.8715609473063527,0.8714320496080092,0.8712773272611511,0.1066863557127403,0.1100034800008697,5.432868003845215,2.701978921890259,2,1024.8670654296875,False,False
conditional,0.2,2.0,21,2000,0.7454910179562482,0.7387129914282451,0.9078493087653704,0.5707311827535143,783,0.467529296875,0.9078949034236568,0.909706537676631,0.9079220292340408,0.1624038854674085,0.1709935462483859,5.54210376739502,2.6757757663726807,2,1029.7286376953125,False,False
conditional,0.2,2.0,22,2000,0.8528463753017591,0.8535727923931951,0.8670674375800587,0.6249629857255476,741,0.578369140625,0.8671403323057415,0.8641448055361982,0.8671048134274084,0.0142939570039823,0.0105720131430031,5.471068382263184,2.544708013534546,2,1027.1025390625,False,False
conditional,0.2,2.0,23,2000,0.7201231433665691,0.7169413124853256,0.9028567156146408,0.4920665007990646,795,0.471435546875,0.9029153561619272,0.9030194820048671,0.9028663578220628,0.182792212795358,0.1860781695195416,5.5255537033081055,2.6487679481506348,2,1027.77392578125,False,False
conditional,0.2,2.0,24,2000,0.560937096873775,0.5707013656753392,0.6741723039578726,0.4439887292907974,809,1.077880859375,0.6740415834526838,0.672140014535001,0.6740929160550788,0.1131044865789088,0.1014386488596618,5.57492733001709,2.659949779510498,2,1029.0426025390625,False,False
conditional,0.4,2.0,0,2000,0.568951444012051,0.5643456098364004,0.7529357566308124,0.4990303476790788,1601,0.872314453125,0.7530491161373222,0.7502646203161523,0.7530018956083546,0.1840976721252711,0.1859190104797519,5.5448431968688965,2.688048839569092,2,1031.6090087890625,False,False
conditional,0.4,2.0,1,2000,0.7235078946751655,0.7200114892528695,0.9267678993240512,0.6453565636481974,1614,0.410888671875,0.9269943059539684,0.9271913160478256,0.9267281179257464,0.2034864112788028,0.2071798267949561,5.6516828536987305,2.6633739471435547,2,1033.6964111328125,False,False
conditional,0.4,2.0,2,2000,0.8652908668025798,0.8682150003037469,0.9271313310106856,0.7350833078120532,1636,0.401611328125,0.927130922035029,0.9284534193633514,0.9271654494114951,0.0618400552324491,0.0602384190596044,5.700883865356445,2.769057512283325,2,1032.7818603515625,False,False
conditional,0.4,2.0,3,2000,0.7567819616061537,0.7599701642425384,0.9317664799274497,0.6878934762931228,1584,0.400146484375,0.9317445266052882,0.9324875721218896,0.9317410977479904,0.1749625649991344,0.1725174078793513,5.660470962524414,2.7033419609069824,2,1033.3936767578125,False,False
conditional,0.4,2.0,4,2000,0.7996725752179132,0.7990634702658648,0.9042714673720408,0.6685179393581199,1601,0.470458984375,0.9043870598504457,0.905916540729132,0.9043516439294754,0.1047144846325323,0.1068530704632673,5.645270824432373,2.749531984329224,2,1032.711181640625,False,False
conditional,0.4,2.0,5,2000,0.3588982373040291,0.363381073595267,0.4826566451028875,0.2520300978687873,1535,1.842529296875,0.482733218420985,0.4776157734039415,0.4826327751371206,0.1238349811169559,0.1142346998086745,5.923550128936768,2.8495333194732666,2,1031.538818359375,False,False
conditional,0.4,2.0,6,2000,0.7270234100989528,0.730280954570236,0.9315016673057024,0.6651265619871483,1628,0.398193359375,0.9316019071306588,0.9301325407831318,0.9315600898183484,0.2045784970317059,0.1998515862128957,5.599666595458984,2.781018018722534,2,1031.087158203125,False,False
conditional,0.4,2.0,7,2000,0.8122153041921206,0.81659025164756,0.925901269730518,0.6979716422215557,1579,0.405029296875,0.9258052104867868,0.9248392502098088,0.925842621864226,0.113589906294666,0.1082489985622487,5.660610675811768,2.742610454559326,2,1031.24169921875,False,False
conditional,0.4,2.0,8,2000,0.7105025289988373,0.7126172044042987,0.8932676161422544,0.6976700201498631,1599,0.501220703125,0.8932319129931765,0.8927445986861465,0.8932425340406551,0.1827293839943392,0.1801273942818478,5.703161716461182,2.698464155197144,2,1032.8790283203125,False,False
conditional,0.4,2.0,9,2000,0.8059546566112166,0.8142618168154512,0.8090875422291441,0.7093478853840451,1575,0.742431640625,0.8090236145511911,0.8114105561026361,0.809037217439211,0.0030689579399745,-0.002851260712815,5.671502113342285,2.63913631439209,2,1031.596923828125,False,False
conditional,0.4,2.0,10,2000,0.8293518330448526,0.8344752848688182,0.8947270595059262,0.7421253294609065,1594,0.498779296875,0.8948709858511823,0.8946362259090532,0.8947609073005414,0.0655191528063297,0.060160941040235,5.765914916992188,2.7627851963043213,2,1031.447509765625,False,False
conditional,0.4,2.0,11,2000,0.3788495058933865,0.3896146371536578,0.4946696216684268,0.348755547496305,1581,1.803466796875,0.4947637993576649,0.4864963043740743,0.4946364404816376,0.1159142934642784,0.0968816672204164,5.88364839553833,2.6705527305603027,2,1029.988037109375,False,False
conditional,0.4,2.0,12,2000,0.6945882295699314,0.6906666159166515,0.9339399718697208,0.602413660660916,1645,0.381103515625,0.9338905758587852,0.9353773280943284,0.9338814788421944,0.2393023462888539,0.244710712177677,5.687014579772949,2.76852822303772,2,1033.1851806640625,False,False
conditional,0.4,2.0,13,2000,0.6346439201227152,0.6340312937578211,0.6969710747054945,0.4745970396006434,1591,1.026123046875,0.6968552241213924,0.6949500259875041,0.6968978739016483,0.0622113039986772,0.060918732229683,5.734310150146484,2.837937355041504,2,1032.9837646484375,False,False
conditional,0.4,2.0,14,2000,0.6194844240622148,0.615500652875161,0.6549363518648358,0.4631925141777543,1653,1.190673828125,0.6551603652691587,0.6507183524295856,0.6549503504500211,0.0356759412069438,0.0352176995544246,5.773860931396484,2.845219612121582,2,1031.031005859375,False,False
conditional,0.4,2.0,15,2000,0.7719807901878241,0.7729208809802173,0.94680232806382,0.6533595998141255,1650,0.338134765625,0.9468855727552108,0.9458563202140766,0.9468370637536608,0.1749047825673867,0.1729354392338593,5.692774772644043,2.72975492477417,2,1034.5185546875,False,False
conditional,0.4,2.0,16,2000,0.7739629237482839,0.7742052668013139,0.9047346666320816,0.6944172457333881,1631,0.472900390625,0.9047330022413708,0.9063483563370858,0.9047068474377056,0.1307700784930869,0.1321430895357719,5.666035175323486,2.7348875999450684,2,1036.34716796875,False,False
conditional,0.4,2.0,17,2000,0.9009093084686156,0.90410009352502,0.9248078509469908,0.791368550297965,1541,0.420166015625,0.9250288037070022,0.9259403524850848,0.924815673680492,0.0241194952383867,0.0218402589600646,5.627093315124512,2.7138984203338623,2,1026.6756591796875,False,False
conditional,0.4,2.0,18,2000,0.7121326541529018,0.7126423121605756,0.8740759694896705,0.625882872397678,1636,0.557861328125,0.8745194220096026,0.8761926547981604,0.8741354165634768,0.1623867678567008,0.1635503426375848,5.691961288452148,2.7082152366638184,2,1029.7388916015625,False,False
conditional,0.4,2.0,19,2000,0.7638256787627369,0.759251615312901,0.9386024748514764,0.6869006852478481,1590,0.373779296875,0.9385900421196226,0.9386984819246174,0.93856446114699,0.1747643633568857,0.1794468666117163,5.676096439361572,2.756450653076172,2,1030.811279296875,False,False
conditional,0.4,2.0,20,2000,0.4797917150900886,0.4845502653875645,0.5457470105389032,0.3067822051057189,1605,1.504150390625,0.5464998573912,0.5408312702078155,0.5458063050537381,0.0667081423011113,0.0562810048202509,5.70503044128418,2.6097123622894287,2,1026.8570556640625,False,False
conditional,0.4,2.0,21,2000,0.7753824065840176,0.7713013245753284,0.9466353143623,0.7110791102388019,1602,0.347412109375,0.946679544147174,0.947106959026736,0.9466916468092736,0.1712971375631564,0.1758056344514077,5.725748538970947,2.782174825668335,2,1032.7486572265625,False,False
conditional,0.4,2.0,22,2000,0.8819472485322535,0.8865641823910423,0.932798224853465,0.7741324641825964,1573,0.388916015625,0.9326944658734632,0.930619909654974,0.9327540966413076,0.0507472173412096,0.0440557272639318,5.667847633361816,2.735459089279175,2,1031.4473876953125,False,False
conditional,0.4,2.0,23,2000,0.7444753138106653,0.7403687075921741,0.946127373064496,0.6559145349208164,1595,0.340087890625,0.94606983193305,0.9457971916992944,0.9460857300069824,0.2015945181223847,0.2054284841071204,5.820850372314453,2.8143670558929443,2,1030.9351806640625,False,False
conditional,0.4,2.0,24,2000,0.5253712059021017,0.497093547523385,0.5390250415407206,0.4149001958327216,1652,1.530029296875,0.539067805305403,0.5331260090315003,0.5390741293807274,0.0136965994033012,0.0360324615081152,6.005913734436035,2.9139106273651123,2,1033.478271484375,False,False
conditional,0.6,2.0,0,2000,0.6289086795506953,0.6253442058360492,0.8270641159585789,0.5662103850165063,2400,0.680419921875,0.8269711521696669,0.8256105699026395,0.8269845408031435,0.1980624726189715,0.2002663640665902,5.764460563659668,2.7711870670318604,2,1037.2235107421875,False,False
conditional,0.6,2.0,1,2000,0.8621102588957473,0.8724044871011185,0.9074203307217608,0.8825805154720876,2427,0.470458984375,0.9077515507638108,0.9086214801553668,0.907434610556868,0.0456412918680634,0.0362169930542481,5.881357192993164,2.9192323684692383,2,1039.1134033203125,False,False
conditional,0.6,2.0,2,2000,0.7215486534298063,0.715579686394919,0.9281956984856492,0.6337237690406535,2401,0.399169921875,0.9281894564899308,0.9294563361140806,0.9281246834076832,0.2066408030601243,0.2138766497191616,5.849135398864746,2.9141440391540527,2,1036.8116455078125,False,False
conditional,0.6,2.0,3,2000,0.935554759647174,0.941674509668624,0.936859761124013,0.900373608790111,2385,0.384521484375,0.9369202076131568,0.937576145644033,0.9368044360131644,0.0013654479659827,-0.0040983640245909,5.771073341369629,2.8826980590820312,2,1038.4378662109375,False,False
conditional,0.6,2.0,4,2000,0.72284936134257,0.7291032570258116,0.8801804760820575,0.7227861895690266,2387,0.539306640625,0.8803544661304222,0.882315036828756,0.8801773717734706,0.1575051047878521,0.1532117798029444,5.822833061218262,2.886891365051269,2,1036.2269287109375,False,False
conditional,0.6,2.0,5,2000,0.7977602958330745,0.8130659325164802,0.8133668739729212,0.8754481061229706,2373,0.720947265625,0.813384242687103,0.816582899395722,0.8134461263704331,0.0156239468540284,0.0035169668792418,5.990580558776856,2.8689615726470947,2,1036.9002685546875,False,False
conditional,0.6,2.0,6,2000,0.9054008023679976,0.9117349994337466,0.9218256691721484,0.8735933331445107,2449,0.428955078125,0.921945312399572,0.9204716743679152,0.9217634306324332,0.0165445100315745,0.0087366749341687,5.801261901855469,2.8521029949188232,2,1036.512939453125,False,False
conditional,0.6,2.0,7,2000,0.8206704282957221,0.8249653732413403,0.8998685704727303,0.8018153571028024,2338,0.479248046875,0.899823956921638,0.898550665137663,0.8998283542494918,0.0791535286259158,0.0735852918963226,5.854952812194824,2.7048842906951904,2,1033.7393798828125,False,False
conditional,0.6,2.0,8,2000,0.940990851580742,0.9460128925032194,0.9686584441769724,0.9272169756426704,2470,0.258544921875,0.9686281829934166,0.968058098764521,0.9686318404969028,0.0276373314126746,0.0220452062613015,5.932366371154785,2.9596023559570312,2,1038.7957763671875,False,False
conditional,0.6,2.0,9,2000,0.8514689754498417,0.8580820260205033,0.8654137351657443,0.7977981898984563,2394,0.583251953125,0.865395707931282,0.8681808452952081,0.8654724960778932,0.0139267324814402,0.0100988192747047,5.844242095947266,2.7966866493225098,2,1036.4742431640625,False,False
conditional,0.6,2.0,10,2000,0.917363957997842,0.921769673442415,0.924355010515056,0.873254099425754,2415,0.412353515625,0.9244674444192188,0.9245221313805294,0.9243733288236256,0.0071034864213768,0.0027524579381144,5.8388447761535645,2.822136878967285,2,1037.031494140625,False,False
conditional,0.6,2.0,11,2000,0.4174525335824881,0.4191909185477283,0.4749085781928527,0.3816219329388506,2365,1.880126953125,0.4750279175127351,0.467675282918819,0.4748772995577133,0.0575753839302469,0.0484843643710907,6.077641010284424,2.8250794410705566,2,1034.4443359375,False,False
conditional,0.6,2.0,12,2000,0.8294454370338877,0.8315525281381289,0.9711894395798492,0.8023339361272928,2432,0.243896484375,0.971208676707219,0.9715331496332836,0.9712103266056412,0.1417632396733312,0.1399806214951549,5.798422813415527,2.820396661758423,2,1037.912841796875,False,False
conditional,0.6,2.0,13,2000,0.6312267136535512,0.6247557714389407,0.6320317659391556,0.4531169680832711,2389,1.220458984375,0.632210083865854,0.6276028111507006,0.6320697063398062,0.0009833702123027,0.0028470397117599,5.918670654296875,2.9171502590179443,2,1037.3916015625,False,False
conditional,0.6,2.0,14,2000,0.8497436825065686,0.8544654906163698,0.90370360279024,0.8270995041198865,2420,0.482177734375,0.9037468735061118,0.9035434358858556,0.903710719929144,0.0540031909995432,0.0490779452694858,5.81951379776001,2.8421719074249268,2,1035.588134765625,False,False
conditional,0.6,2.0,15,2000,0.5247066367677581,0.573603024900754,0.5166555153317725,0.4558480337228229,2479,1.611083984375,0.5168873463738894,0.5033513120878261,0.5166735857513931,-0.0078192903938686,-0.0702517128129278,6.016251564025879,2.850771903991699,2,1041.15673828125,False,False
conditional,0.6,2.0,16,2000,0.907508744765562,0.912881861470462,0.9134812459822113,0.8701719003604393,2408,0.444091796875,0.9136203032212364,0.9143954338488554,0.913428636026155,0.0061115584556743,0.0015135723783934,5.82866096496582,2.9085729122161865,2,1039.907470703125,False,False
conditional,0.6,2.0,17,2000,0.9125182031407446,0.9173375638343876,0.9578378254347932,0.8795230804744778,2362,0.306396484375,0.958018266023557,0.9581226115306494,0.9578506508129924,0.0455000628828123,0.0407850476962616,5.791565895080566,2.8391075134277344,2,1032.0029296875,False,False
conditional,0.6,2.0,18,2000,0.8046177251122946,0.8083988350997059,0.9310760131603146,0.7659361816498419,2394,0.395751953125,0.9312004717694988,0.9316076666519132,0.9310395722834316,0.1265827466572042,0.1232088315522073,5.7691802978515625,2.7601113319396973,2,1032.43017578125,False,False
conditional,0.6,2.0,19,2000,0.9037563255469224,0.9074900433725076,0.9170545929756816,0.8497760616865639,2440,0.445556640625,0.9171306981616792,0.9169887319971796,0.9171037385191868,0.0133743726147566,0.0094986886246719,5.764004707336426,2.8133976459503174,2,1036.96435546875,False,False
conditional,0.6,2.0,20,2000,0.3741010507300453,0.3883459503364862,0.4794019269570456,0.4019157685308933,2350,1.761474609375,0.4806388986095902,0.4755667248916794,0.4793588744036764,0.1065378478795448,0.0872207745551931,6.011668205261231,2.805911064147949,2,1029.5697021484375,False,False
conditional,0.6,2.0,21,2000,0.9023893767455105,0.9076219406554816,0.9670673762201804,0.8810449226719638,2390,0.268798828125,0.9670582455471844,0.9667423044355724,0.9670368617402868,0.0646688688016738,0.0591203637800908,5.867057800292969,2.8989150524139404,2,1036.814697265625,False,False
conditional,0.6,2.0,22,2000,0.6361963666313799,0.6311015200253777,0.6488699406119176,0.4715904604528244,2398,1.192626953125,0.6483759410896497,0.6382094180523521,0.6487956401312505,0.0121795744582697,0.0071078980269744,6.053927421569824,2.902998447418213,2,1037.140380859375,False,False
conditional,0.6,2.0,23,2000,0.7091876600882804,0.7038825124706254,0.9707071441438564,0.7014934604958978,2402,0.245361328125,0.9707044328725672,0.9702648558162104,0.970703627635482,0.2615167727842867,0.2663823433455849,5.9293060302734375,2.877042055130005,2,1035.826904296875,False,False
conditional,0.6,2.0,24,2000,0.5154212151305415,0.5339094539773617,0.6425868513673557,0.4264566070548539,2430,1.165283203125,0.6425617455147463,0.6390270142567511,0.6425217905973001,0.1271405303842048,0.1051175602793894,5.9012627601623535,2.901111364364624,2,1036.843017578125,False,False
conditional,0.8,2.0,0,2000,0.9098527767428228,0.9196024999006218,0.9402972462287396,0.920662947124032,3172,0.361572265625,0.9403059834509924,0.9401300170325008,0.9402924363102462,0.0304532067081696,0.0205275171318788,5.986393928527832,2.953842639923096,2,1042.1767578125,False,False
conditional,0.8,2.0,1,2000,0.9299060762997858,0.9409451194862763,0.9475894442700358,0.9358461660334024,3230,0.341552734375,0.9477379803976748,0.9480079125019748,0.9476550690833094,0.0178319040978889,0.0070627930156983,5.966502666473389,2.958169460296631,2,1043.8116455078125,False,False
conditional,0.8,2.0,2,2000,0.5227736420745844,0.5198435334608814,0.5288123551227486,0.468378966870914,3183,1.597900390625,0.5286425783849789,0.5225376458844095,0.5288590262204431,0.0058689363103944,0.0026941124235281,6.032186985015869,2.9468741416931152,2,1042.1591796875,False,False
conditional,0.8,2.0,3,2000,0.901723577131458,0.908933828983454,0.979052040857056,0.905647369810194,3171,0.212158203125,0.9790247615135728,0.978911541977882,0.9790227009268492,0.0773011843821148,0.069977712994428,5.898388862609863,2.936952590942383,2,1043.5174560546875,False,False
conditional,0.8,2.0,4,2000,0.937595647999829,0.9433722910930692,0.9427906248000646,0.9288771709210306,3178,0.351806640625,0.9428357466522506,0.942916431229104,0.9427315245783412,0.0052400986524215,-0.0004558598639651,5.9347124099731445,2.905869483947754,2,1040.816650390625,False,False
conditional,0.8,2.0,5,2000,0.8824642587562616,0.8971735837933927,0.9401559594491472,0.8789953519344937,3185,0.367919921875,0.9400675039530104,0.9411762207940516,0.940097252961408,0.0576032451967487,0.0440026370006589,5.91227388381958,2.799689769744873,2,1040.849609375,False,False
conditional,0.8,2.0,6,2000,0.8189065105041227,0.8232198775549663,0.9269882156659124,0.7930807959349976,3222,0.413818359375,0.9273582619612022,0.9256505944126452,0.9269994870820696,0.1084517514570795,0.102430716857679,5.855937957763672,2.786012887954712,2,1042.34716796875,False,False
conditional,0.8,2.0,7,2000,0.7928734198640702,0.8029673802418421,0.9384994794968498,0.8085638747092443,3183,0.363525390625,0.9385259153985008,0.9378621079655236,0.938506678318147,0.1456524955344307,0.1348947277236815,5.9867987632751465,2.92162823677063,2,1040.552734375,False,False
conditional,0.8,2.0,8,2000,0.4344861722486208,0.4465618776404678,0.4938324339731162,0.3850111596701759,3266,1.697998046875,0.4940042973861421,0.4812897580724378,0.4938454255479824,0.0595181251375213,0.0347278804319699,6.363385677337647,3.1309969425201416,2,1045.3343505859375,False,False
conditional,0.8,2.0,9,2000,0.4272960623289511,0.4419883329970817,0.5402264278396927,0.4194155106614952,3196,1.583251953125,0.5400716733138275,0.5326608079151999,0.5402132066798784,0.1127756109848764,0.0906724749181182,6.328110694885254,2.929296493530273,2,1043.46875,False,False
conditional,0.8,2.0,10,2000,0.5095583265019665,0.5228871737217914,0.5714263606218526,0.4825870782781363,3239,1.498291015625,0.5717566822378785,0.5646982029245486,0.5714356027368515,0.0621983557359119,0.0418110292027572,6.119877338409424,3.034883737564087,2,1044.802490234375,False,False
conditional,0.8,2.0,11,2000,0.4415377040640286,0.4382459640614893,0.4926816428054939,0.4591517060469781,3215,1.789306640625,0.4926191292887636,0.4853272400818081,0.4927182110834376,0.051081425224735,0.0470812760203188,6.209846019744873,3.00553035736084,2,1041.496337890625,False,False
conditional,0.8,2.0,12,2000,0.961505243672065,0.9662585783146412,0.964159516952906,0.9524658986093122,3199,0.273193359375,0.9641893178188335,0.9647601649400376,0.9641883696790174,0.0026840741467686,-0.0014984133746034,5.910658836364746,2.950329542160034,2,1042.1033935546875,False,False
conditional,0.8,2.0,13,2000,0.5420586744539148,0.5463264608316132,0.5845234997564707,0.4277357893477558,3212,1.354248046875,0.5844533065548287,0.5786519219129784,0.5845866733055007,0.0423946321009139,0.0323254610813652,6.086541652679443,2.950773000717163,2,1043.722412109375,False,False
conditional,0.8,2.0,14,2000,0.564047115234338,0.5966700876675198,0.5539541049523496,0.4935179875632963,3190,1.576416015625,0.554194844542982,0.5468107404526832,0.5539740491422195,-0.009852270691356,-0.0498593472148366,6.129384517669678,3.039339065551758,2,1039.764892578125,False,False
conditional,0.8,2.0,15,2000,0.4736781152220516,0.5015190661297648,0.4710607785575824,0.4803576558432564,3204,1.826416015625,0.4709518319749221,0.4576355764088924,0.4710187307021689,-0.0027262832471295,-0.0438834897208724,6.206927299499512,2.9511053562164307,2,1044.065185546875,False,False
conditional,0.8,2.0,16,2000,0.9576355864563776,0.965402690100669,0.95743226748246,0.9530523883730528,3200,0.302978515625,0.9574173846080491,0.9576502269125532,0.9573926170184892,-0.0002182018483284,-0.0077524631881158,5.927175521850586,2.895569324493408,2,1045.6158447265625,False,False
conditional,0.8,2.0,17,2000,0.3983336824862161,0.4317312809328186,0.4805606826329467,0.381536101411303,3211,1.872314453125,0.4812425740797084,0.4723369930842464,0.4805561345000267,0.0829088915934923,0.0406057121514277,6.081455230712891,3.0234882831573486,2,1040.4029541015625,False,False
conditional,0.8,2.0,18,2000,0.8487677763102142,0.8534068556017108,0.9502284193164352,0.8395568423981882,3185,0.330322265625,0.9503410712943334,0.9506917086729236,0.95025266537063,0.1015732949841192,0.0972848530712128,5.867192268371582,2.8694183826446533,2,1039.3790283203125,False,False
conditional,0.8,2.0,19,2000,0.9589644458863016,0.9637429704357392,0.9593561516605256,0.9493156274889604,3204,0.300537109375,0.9593796017101928,0.9590796890199188,0.9593761137206424,0.000415155823891,-0.0046632814158203,5.904972076416016,2.943817615509033,2,1041.802001953125,False,False
conditional,0.8,2.0,20,2000,0.4363214294858465,0.4876701896675456,0.4699389576566014,0.4476142994768392,3180,1.833251953125,0.4707538710833901,0.465746867436715,0.4699085307069438,0.0344324415975436,-0.0219233222308306,6.05485725402832,2.9390645027160645,2,1036.5213623046875,False,False
conditional,0.8,2.0,21,2000,0.4816802502836741,0.4980070972517725,0.4859088086255251,0.482991236885562,3194,1.882080078125,0.4861830220128841,0.4780649777662427,0.4858653360621507,0.0045027717292099,-0.0199421194855298,6.28746223449707,2.9712610244750977,2,1042.9580078125,False,False
conditional,0.8,2.0,22,2000,0.9688771102567028,0.9752316038078974,0.9705616077940028,0.9656128082868132,3184,0.248291015625,0.9705492827153706,0.9692095035523725,0.9705425378881885,0.0016721724586676,-0.0060221002555249,5.898385047912598,2.928920030593872,2,1041.914306640625,False,False
conditional,0.8,2.0,23,2000,0.6945771773907885,0.6883295898323949,0.9807080841751444,0.7074857581080524,3217,0.197509765625,0.980672043704633,0.9802908515727092,0.980674796435361,0.2860948663138445,0.2919612617403144,5.975689888000488,2.92014217376709,2,1041.70849609375,False,False
conditional,0.8,2.0,24,2000,0.5263350402695834,0.5405749201437282,0.5879682737531388,0.4618264494442632,3216,1.345947265625,0.5878745834964539,0.5835804198951029,0.588034366001672,0.0615395432268705,0.0430054997513746,6.019771575927734,2.978391408920288,2,1042.6365966796875,False,False
conditional,1.0,2.0,0,2000,0.9682476186999276,0.9785258558814603,0.9703836339885276,0.9682476186999276,4000,0.250732421875,0.970345665108695,0.9703274890818688,0.970343277936368,0.0020980464087675,-0.0081983667995916,5.926060676574707,2.841003894805908,2,1049.60400390625,False,False
conditional,1.0,2.0,1,2000,0.9651819982484032,0.9743952808488168,0.9681399446555732,0.9651819982484032,4000,0.260009765625,0.9681197441913398,0.9680945652736376,0.9680942253655552,0.0029377459429364,-0.0063007155751791,5.995515823364258,2.9477992057800293,2,1048.5306396484375,False,False
conditional,1.0,2.0,2,2000,0.4352060377236503,0.4398504792126182,0.5004227047202473,0.4352060377236503,4000,1.743408203125,0.5003136942416595,0.4940807420201837,0.5004032492897633,0.0651076565180092,0.0542302628075654,6.30007266998291,2.9478061199188232,2,1047.49658203125,False,False
conditional,1.0,2.0,3,2000,0.8030934762243942,0.8046237594059369,0.9791847487511258,0.8030934762243942,4000,0.212158203125,0.9791456549570188,0.978958406489598,0.979143299816476,0.1760521787326245,0.1743346470836611,5.944421768188477,2.925659418106079,2,1047.8887939453125,False,False
conditional,1.0,2.0,4,2000,0.4471014097163706,0.4411456740364169,0.5307779790665054,0.4471014097163706,4000,1.620849609375,0.5309391864157014,0.5219246827311688,0.530754075052841,0.0838377766993307,0.0807790086947518,6.241168975830078,3.10442328453064,2,1048.671630859375,False,False
conditional,1.0,2.0,5,2000,0.4873478373553186,0.5360317475079349,0.4824458051445796,0.4873478373553186,4000,1.831298828125,0.4821083162942692,0.477738003184499,0.4824644153713722,-0.0052395210610494,-0.0582937443234358,6.2827253341674805,3.114421129226685,2,1046.9447021484375,False,False
conditional,1.0,2.0,6,2000,0.8732207168922174,0.8755786221446525,0.9618205485362268,0.8732207168922174,4000,0.291259765625,0.9619641039590432,0.9605225618806368,0.9618360987648984,0.0887433870668258,0.0849439397359842,5.901036262512207,2.845405340194702,2,1049.1156005859375,False,False
conditional,1.0,2.0,7,2000,0.8776092821780543,0.8871101675275388,0.9530274647135102,0.8776092821780543,4000,0.312744140625,0.95300102608864,0.9523837428459324,0.9529959645355108,0.0753917439105857,0.0652735753183937,6.03827428817749,3.0157952308654785,2,1047.2305908203125,False,False
conditional,1.0,2.0,8,2000,0.968556572754401,0.977297138824281,0.9721919475131648,0.968556572754401,4000,0.241455078125,0.972286850771262,0.9715505533876349,0.9722431007117596,0.003730278016861,-0.0057465854366463,6.026996612548828,2.984153985977173,2,1050.251708984375,False,False
conditional,1.0,2.0,9,2000,0.44316869548776,0.4594649123662262,0.5072931496360134,0.44316869548776,4000,1.700439453125,0.5075982085908602,0.5008055654513895,0.5072435453216849,0.0644295131031002,0.0413406530851633,6.348926544189453,2.897379875183105,2,1049.99609375,False,False
conditional,1.0,2.0,10,2000,0.4250512140620774,0.4369421734855419,0.5252945465992644,0.4250512140620774,4000,1.712158203125,0.5251610150759632,0.5179603932400962,0.5253105872904653,0.1001098010138857,0.0810182197545543,6.164607048034668,3.0744569301605225,2,1049.499755859375,False,False
conditional,1.0,2.0,11,2000,0.4493621392161071,0.4571914210478537,0.5024562047154258,0.4493621392161071,4000,1.756591796875,0.5025195015305353,0.4947142874285699,0.5024303871338884,0.0531573623144281,0.0375228663807161,6.165109634399414,3.0182721614837646,2,1048.444580078125,False,False
conditional,1.0,2.0,12,2000,0.4325071503490718,0.4289944597486134,0.5068035213784381,0.4325071503490718,4000,1.624755859375,0.5069767726703975,0.5020563932640966,0.5068177720455241,0.0744696223213257,0.0730619335154831,6.235655307769775,3.0509629249572754,2,1049.451171875,False,False
conditional,1.0,2.0,13,2000,0.4535297875029979,0.4555218966304725,0.5084720145271406,0.4535297875029979,4000,1.652099609375,0.5082584330448134,0.5009969654992396,0.5084282369203745,0.0547286455418155,0.045475068868767,6.129885673522949,2.923866033554077,2,1049.88232421875,False,False
conditional,1.0,2.0,14,2000,0.4876507277532103,0.4858219004554732,0.5105948402160203,0.4876507277532103,4000,1.745361328125,0.511271131237235,0.5045163143790767,0.5105879496694095,0.0236204034840246,0.0186944139236034,6.245672225952148,3.1125612258911133,2,1045.9669189453125,False,False
conditional,1.0,2.0,15,2000,0.5403529608160038,0.6274046378511572,0.5932684471471438,0.5403529608160038,4000,1.319580078125,0.5934588710121753,0.5811205700301403,0.5933205199081723,0.0531059101961715,-0.0462840678210169,6.361915588378906,3.1506478786468506,2,1049.947021484375,False,False
conditional,1.0,2.0,16,2000,0.9753109661555815,0.9826095934023948,0.980968389376631,0.9753109661555815,4000,0.198486328125,0.981000972437643,0.980888994722245,0.9810025592098596,0.0056900062820612,-0.0017205986801497,5.964877128601074,2.9007577896118164,2,1051.702392578125,False,False
conditional,1.0,2.0,17,2000,0.4335703685528155,0.4570588090147006,0.4779815645852039,0.4335703685528155,4000,1.907958984375,0.4782548774884338,0.4684785488696354,0.4779398981948876,0.0446845089356183,0.0114197398549348,6.1872663497924805,2.989361047744751,2,1047.4571533203125,False,False
conditional,1.0,2.0,18,2000,0.7845232448400823,0.7850848355212061,0.9831838262686546,0.7845232448400823,4000,0.187255859375,0.983220280040316,0.9830772035192974,0.9832027688460256,0.1986970352002337,0.1979923679980912,5.978443622589111,2.929462432861328,2,1043.93701171875,False,False
conditional,1.0,2.0,19,2000,0.9767182297026922,0.9812264273066033,0.9773184795304533,0.9767182297026922,4000,0.219970703125,0.9773290680223684,0.9770975510243844,0.9773121254307552,0.0006108383196761,-0.0041288762822186,5.928648948669434,2.945889711380005,2,1047.5201416015625,False,False
conditional,1.0,2.0,20,2000,0.43112024176509,0.4625853128963266,0.4992919632308496,0.43112024176509,4000,1.696533203125,0.500259035178154,0.495424295356072,0.4993287692354256,0.0691387934130639,0.0328389824597454,6.075490951538086,3.025042057037353,2,1043.442138671875,False,False
conditional,1.0,2.0,21,2000,0.957779327506402,0.9667654486913586,0.9606376999360672,0.957779327506402,4000,0.296630859375,0.9607134802577592,0.9609874262468532,0.96068973286545,0.0029341527513573,-0.0057780224445054,6.087323188781738,2.939809560775757,2,1049.1199951171875,False,False
conditional,1.0,2.0,22,2000,0.9693515226036984,0.975192645798158,0.9797936977771776,0.9693515226036984,4000,0.203369140625,0.979777364979682,0.9787837029459224,0.9797892071561912,0.0104258423759835,0.0035910571477644,5.980764389038086,2.8963027000427246,2,1047.4276123046875,False,False
conditional,1.0,2.0,23,2000,0.8923100824753953,0.8967064461766081,0.9760984126392755,0.8923100824753953,4000,0.220458984375,0.976115041244764,0.9755878913969692,0.9760944311677922,0.0838049587693687,0.0788814452203612,6.025494575500488,2.9899990558624268,2,1048.0582275390625,False,False
conditional,1.0,2.0,24,2000,0.4704099193146391,0.4983215700803907,0.4964401860539115,0.4704099193146391,4000,1.720458984375,0.4972037618685109,0.492152179538043,0.4963967676280201,0.0267938425538717,-0.0061693905423477,6.143631935119629,3.022984981536865,2,1048.4794921875,False,False
ivae_2env,0.05,0.0,0,2000,0.8447461831253537,0.8435577856394434,0.9944015911393984,,193,0.106201171875,0.994391861219546,0.9942051865512932,0.9943931575617716,0.1496456780941925,0.1506474009118497,6.169804096221924,3.083674669265747,2,1370.529296875,False,False
ivae_2env,0.05,0.0,1,2000,0.94560772273018,0.9478619474654834,0.993757129926672,0.5164273211789447,209,0.112548828125,0.9937467827479264,0.9935070631267622,0.9937381177665832,0.0481390600177465,0.0456451156612788,6.158475875854492,3.00715970993042,2,1369.3829345703125,False,False
ivae_2env,0.05,0.0,2,2000,0.9503272567024156,0.9543777210944268,0.9932865154274302,,193,0.116943359375,0.9932720757219712,0.9931274490318583,0.9932788234210396,0.0429448190195558,0.0387497279374317,6.237452507019043,3.072134733200073,2,1369.2171630859375,False,False
ivae_2env,0.05,0.0,3,2000,0.9907495826831556,0.995520350130084,0.9915184334806504,0.8916498516753255,210,0.132568359375,0.9914931398796694,0.9914697378674308,0.9914911503580632,0.0007435571965137,-0.004050612262653,6.159792423248291,3.022066831588745,2,1369.236083984375,False,False
ivae_2env,0.05,0.0,4,2000,0.7322939667383459,0.7239705954926463,0.9956646595567552,0.5415889396103413,210,0.093017578125,0.99565709812231,0.995476937869231,0.9956548537535476,0.2633631313839641,0.2715063423765846,6.187205314636231,3.077622175216675,2,1366.506591796875,False,False
ivae_2env,0.05,0.0,5,2000,0.9364844701736176,0.9398563434640824,0.9936767030418158,0.5646990601867569,214,0.114501953125,0.9936965838231856,0.9936411361602804,0.9936975256685672,0.057212113649568,0.0537847926961978,6.131882667541504,3.0296449661254883,2,1368.8917236328125,False,False
ivae_2env,0.05,0.0,6,2000,0.8993376036200023,0.903477985619493,0.9927326447733744,0.5107445524014862,204,0.123779296875,0.9927379510533668,0.9923101513275344,0.992733794586522,0.0934003474333646,0.0888321657080413,6.0970563888549805,3.0164735317230225,2,1365.0989990234375,False,False
ivae_2env,0.05,0.0,7,2000,0.9589117423491752,0.9630605917651444,0.992279831750043,,187,0.125244140625,0.992285815635582,0.9920133080033232,0.9922871802612708,0.0333740732864067,0.0289527162381786,6.171407222747803,3.054208755493164,2,1369.7579345703125,False,False
ivae_2env,0.05,0.0,8,2000,0.9721108517844994,0.9743806438451574,0.9920062447069784,,179,0.128173828125,0.9919873885320548,0.9918472534618096,0.99199098476657,0.0198765367475552,0.0174666096166522,6.0979905128479,3.028996467590332,2,1371.937255859375,False,False
ivae_2env,0.05,0.0,9,2000,0.94683720823244,0.9495231438807824,0.9923802937285132,,185,0.125244140625,0.9923963024427244,0.9921389202847264,0.9923783345736938,0.0455590942102843,0.042615776403944,6.210644721984863,3.029799699783325,2,1368.7547607421875,False,False
ivae_2env,0.05,0.0,10,2000,0.9783671850908768,0.9818873552218356,0.9917643247491374,0.635594822567062,211,0.127685546875,0.9917764676563312,0.9915142263785532,0.991779323148853,0.0134092825654542,0.0096268711567176,6.177640914916992,3.084888219833374,2,1369.18896484375,False,False
ivae_2env,0.05,0.0,11,2000,0.7667045915071451,0.7618635382158816,0.995439300501795,,190,0.098876953125,0.9954489042139758,0.9953071993267962,0.9954477850934113,0.2287443127068307,0.2334436611109146,6.139190673828125,3.0264503955841064,2,1365.7979736328125,False,False
ivae_2env,0.05,0.0,12,2000,0.7999002338829426,0.7962250308062548,0.9960180805911508,0.5924060734188604,211,0.089599609375,0.9960285973105962,0.9959831684957884,0.9960280465929824,0.1961283634276536,0.1997581376895334,6.162837028503418,3.05706000328064,2,1369.49755859375,False,False
ivae_2env,0.05,0.0,13,2000,0.9716942287963358,0.9776123676530886,0.9913030199878464,,171,0.133544921875,0.9912773036737108,0.9910006967501706,0.9912826073987304,0.0195830748773748,0.0133883290970819,6.142039299011231,3.0189402103424072,2,1366.355712890625,False,False
ivae_2env,0.05,0.0,14,2000,0.9919674221115402,0.9954039966009957,0.9923631550548347,,190,0.124755859375,0.9923537003984632,0.99206945526736,0.9923523432873108,0.0003862782869229,-0.0033345413336354,6.128741264343262,3.0374956130981445,2,1365.553955078125,False,False
ivae_2env,0.05,0.0,15,2000,0.9845219588125854,0.990255781563942,0.9906970155453074,,200,0.137451171875,0.9906849230091234,0.9902041283010284,0.990684738358796,0.0061629641965379,-5.165326291345362e-05,6.17269229888916,3.011382818222046,2,1370.6519775390625,False,False
ivae_2env,0.05,0.0,16,2000,0.9358476898881348,0.9481577565394356,0.9759089904196414,,189,0.222412109375,0.9758982318456632,0.9763001718250396,0.9758802381783293,0.0400505419575284,0.0281424152856037,6.184107780456543,2.916634321212769,2,1371.004150390625,False,False
ivae_2env,0.05,0.0,17,2000,0.9909495848663552,0.99570925492731,0.9912311372454444,0.7934502984798084,203,0.136962890625,0.9912358339503315,0.9910305707576388,0.9912230338108574,0.0002862490839764,-0.0046786841696713,6.100753784179688,3.023059129714966,2,1364.2344970703125,False,False
ivae_2env,0.05,0.0,18,2000,0.9738023053382932,0.9775256593814112,0.9919326694752368,0.5107821480876242,217,0.130126953125,0.9919645050653878,0.9915644493911088,0.991943381190231,0.0181621997270946,0.0140387900096974,6.24660062789917,3.0495917797088623,2,1365.4134521484375,False,False
ivae_2env,0.05,0.0,19,2000,0.7474338706482451,0.736319194079796,0.9946425314546292,0.5816386046949391,208,0.104736328125,0.9946391912310284,0.9944821961205452,0.9946357902473248,0.2472053205827833,0.2581630020407494,6.095969676971436,3.043147087097168,2,1366.5091552734375,False,False
ivae_2env,0.05,0.0,20,2000,0.9688069840592048,0.972089301772322,0.99136168664696,0.590802325295255,212,0.131103515625,0.9913896584407044,0.9913006450751576,0.9913558041304414,0.0225826743814994,0.0192113433028356,6.117233276367188,3.0321831703186035,2,1363.477294921875,False,False
ivae_2env,0.05,0.0,21,2000,0.8667525733314907,0.8711459297864793,0.9899133325941726,,183,0.145751953125,0.9899149774051852,0.9896542769135654,0.9899179878841422,0.1231624040736943,0.1185083471270861,6.172727584838867,2.9921414852142334,2,1369.8399658203125,False,False
ivae_2env,0.05,0.0,22,2000,0.9310461708979508,0.932407184851793,0.9934565179532816,,163,0.115478515625,0.9934736973933164,0.9930252495063084,0.9934698322092456,0.0624275264953653,0.0606180646545155,6.199771881103516,3.026137351989746,2,1368.017333984375,False,False
ivae_2env,0.05,0.0,23,2000,0.8786018866664781,0.8780981840245428,0.9944897275845598,0.5627571835759568,209,0.105224609375,0.9944829355563632,0.9943016290754036,0.99448190294266,0.115881048889885,0.1162034450508608,6.257982730865479,3.122516632080078,2,1367.910888671875,False,False
ivae_2env,0.05,0.0,24,2000,0.9070969967833818,0.9334039111009744,0.9117061087663576,,178,0.443603515625,0.9117410673936612,0.911651028662754,0.911632899251877,0.0046440706102793,-0.0217528824382203,6.235878944396973,2.781141519546509,2,1369.483154296875,False,False
ivae_2env,0.2,0.0,0,2000,0.7488674928947083,0.7380814395203572,0.9938214792365144,0.5884754816596666,838,0.111572265625,0.9937888177898208,0.9936155784038908,0.993795833304373,0.2449213248951125,0.2555341388835337,6.138639450073242,3.0621633529663086,2,1370.8902587890625,False,False
ivae_2env,0.2,0.0,1,2000,0.9702238943020136,0.9723985613496368,0.9930257257290298,0.7531285102456053,814,0.118896484375,0.9930311642732847,0.9928038367009556,0.9930206410266692,0.0228072699712711,0.0204052753513187,6.174299240112305,3.0172274112701416,2,1369.0843505859375,False,False
ivae_2env,0.2,0.0,2,2000,0.98987771136087,0.9931959382989808,0.9915949574349232,0.9419202107298782,827,0.130615234375,0.991596386099862,0.9914801291200288,0.991599499865702,0.0017186747389922,-0.001715809178952,6.1872148513793945,3.0519046783447266,2,1369.861328125,False,False
ivae_2env,0.2,0.0,3,2000,0.836287299981394,0.8327983016995724,0.9950292140827868,0.6324644428791332,798,0.100830078125,0.9950492017718926,0.9949912999978214,0.995049367774676,0.1587619017904986,0.162192998298249,6.157275199890137,3.0668601989746094,2,1369.5260009765625,False,False
ivae_2env,0.2,0.0,4,2000,0.7491956120088703,0.7428944667236139,0.9949800496498452,0.5906246605719374,797,0.099853515625,0.9949832851663286,0.9948148872037182,0.9949817100229807,0.2457876731574583,0.2519204204801043,6.155612945556641,3.063560485839844,2,1366.413818359375,False,False
ivae_2env,0.2,0.0,5,2000,0.9148368295528332,0.9162870633217626,0.9946699563692804,0.6855545803613226,777,0.105712890625,0.9946483151082292,0.9945504108875992,0.9946488484959032,0.0798114855553959,0.0782633475658366,6.188048362731934,3.0723206996917725,2,1368.693115234375,False,False
ivae_2env,0.2,0.0,6,2000,0.90293658978398,0.9057502169375508,0.9934937906041128,0.6538477977079673,819,0.116943359375,0.993493325248114,0.993109918527476,0.9934904632199976,0.0905567354641339,0.0873597015899252,6.100273132324219,3.0462310314178467,2,1364.3427734375,False,False
ivae_2env,0.2,0.0,7,2000,0.9276312506649638,0.9302115990528964,0.99345838492335,0.7190377489003662,802,0.114990234375,0.993459402200762,0.993226754306685,0.9934600149520736,0.0658281515357982,0.0630151552537884,6.149825572967529,3.033259630203247,2,1369.9674072265625,False,False
ivae_2env,0.2,0.0,8,2000,0.9440340139767476,0.9474041953510456,0.9922529723955744,0.7262562985753256,769,0.126220703125,0.9922481565558212,0.9920898087724483,0.9922529071634612,0.0482141425790737,0.0446856134214029,6.250979900360107,3.065730094909668,2,1371.9278564453125,False,False
ivae_2env,0.2,0.0,9,2000,0.9400470247129076,0.9435407276351786,0.991987523158364,0.7213495814453826,774,0.128662109375,0.9920137858749084,0.9916282729070648,0.991985475136094,0.0519667611620007,0.0480875452718863,6.19157075881958,3.027523994445801,2,1368.0975341796875,False,False
ivae_2env,0.2,0.0,10,2000,0.9785494192989016,0.9839778517444594,0.9921076256486804,0.8632250310747462,818,0.124755859375,0.9921190969444208,0.991873228968304,0.9921217414006333,0.0135696776455189,0.0078953772238444,6.168869972229004,3.080517292022705,2,1369.4300537109375,False,False
ivae_2env,0.2,0.0,11,2000,0.7842746674791039,0.7782504700626145,0.9947386678391128,0.5234191579262916,776,0.106201171875,0.9947616579564657,0.9945824553956102,0.9947588186556744,0.2104869904773616,0.2163319853329957,6.154294013977051,3.0294246673583984,2,1365.919921875,False,False
ivae_2env,0.2,0.0,12,2000,0.9618516335161972,0.9656206926551696,0.9930166484680976,0.804330645405591,807,0.118896484375,0.9930469313979065,0.9929894429973573,0.9930438894527528,0.0311952978817093,0.0273687503421874,6.125362396240234,3.04970645904541,2,1369.3387451171875,False,False
ivae_2env,0.2,0.0,13,2000,0.9877828884764353,0.9928320382080058,0.9916184906321062,0.9524110155825746,788,0.131103515625,0.9916020835424536,0.9913388043346976,0.9916088121593902,0.0038191950660184,-0.0014932338733082,6.207549571990967,3.0414798259735107,2,1366.1395263671875,False,False
ivae_2env,0.2,0.0,14,2000,0.9912433598981428,0.9949602522400596,0.991294450706997,0.9869359092302172,818,0.133544921875,0.9913036055072152,0.9909399092349735,0.9913062340244028,6.024560907236243e-05,-0.004020343005086,6.0937700271606445,3.0219337940216064,2,1366.3436279296875,False,False
ivae_2env,0.2,0.0,15,2000,0.9778476833123132,0.9824952806238167,0.989993492747578,0.8176452037028659,808,0.142822265625,0.9900225883310032,0.989482835120705,0.990019806753946,0.01217490501869,0.0069875544968882,6.196959972381592,3.0117504596710205,2,1371.2576904296875,False,False
ivae_2env,0.2,0.0,16,2000,0.92915469814692,0.941842718210676,0.9733615211628344,0.7444079641467705,817,0.234619140625,0.973337476286236,0.973953758738436,0.973322795637844,0.044182778139316,0.0321110405277599,6.185000419616699,2.915186882019043,2,1371.4375,False,False
ivae_2env,0.2,0.0,17,2000,0.9821363570789284,0.9868179179544758,0.9915330613963758,0.8504732118473846,780,0.134521484375,0.9915472168840782,0.9913534353383552,0.991537218989064,0.0094108598051496,0.0045355173838793,6.056464195251465,2.97967791557312,2,1363.6656494140625,False,False
ivae_2env,0.2,0.0,18,2000,0.8262820498870729,0.8208037219509275,0.9941540186527932,0.5800854541515252,828,0.110595703125,0.994144252470021,0.9938839292209788,0.9941293220346912,0.1678622025829481,0.1730802072700512,6.253332614898682,3.117276430130005,2,1365.287841796875,False,False
ivae_2env,0.2,0.0,19,2000,0.7754243191174413,0.7677200174300016,0.9944317375461847,0.6470423657949623,818,0.107177734375,0.9944183170110372,0.994247794811945,0.994416658790212,0.218993997893596,0.2265277773819434,6.09215259552002,3.03169584274292,2,1366.4344482421875,False,False
ivae_2env,0.2,0.0,20,2000,0.9875677414127254,0.9920939772734908,0.9912291174239944,0.9215600348492804,817,0.132080078125,0.9912884928993236,0.991184245796058,0.9912521969086188,0.0037207514865983,-0.0009097314774327,6.07628345489502,3.0212106704711914,2,1363.8748779296875,False,False
ivae_2env,0.2,0.0,21,2000,0.7983293728117701,0.8012201325550302,0.9898914887351756,0.5846763468802497,783,0.145751953125,0.9898868579828222,0.9895342806335664,0.9898917999976282,0.1915574851710521,0.1883141480785363,6.171507835388184,2.9888389110565186,2,1369.3037109375,False,False
ivae_2env,0.2,0.0,22,2000,0.9307154682551004,0.9311299465324832,0.9933802546323588,0.7008554179399458,741,0.116455078125,0.9933725757817156,0.9929026657256628,0.9933698711896324,0.0626571075266151,0.0617727191931796,6.212244033813477,3.022566556930542,2,1367.877685546875,False,False
ivae_2env,0.2,0.0,23,2000,0.8675311878284396,0.8664181341045303,0.992508874541326,0.6237413071394526,795,0.123291015625,0.9924808388088456,0.9921530817882668,0.9924794311746538,0.1249496509804061,0.1257349476837364,6.237936019897461,3.1148769855499268,2,1367.739013671875,False,False
ivae_2env,0.2,0.0,24,2000,0.7882487580106319,0.7856661449165334,0.996211754183672,0.5875781062159378,809,0.085205078125,0.9962354034206822,0.9960783277695784,0.996231864122407,0.2079866454100503,0.2104121828530448,6.1269121170043945,3.0312812328338623,2,1369.642822265625,False,False
ivae_2env,0.4,0.0,0,2000,0.9369331264421872,0.940704336426081,0.9933260462232268,0.8593720150557603,1601,0.115966796875,0.9933333494297568,0.9931195207798764,0.9933384501564362,0.0564002229875695,0.0524151843537954,6.1248087882995605,3.054621696472168,2,1369.9373779296875,False,False
ivae_2env,0.4,0.0,1,2000,0.9683218153343484,0.9714841363710306,0.9925762781519468,0.8855561604833078,1614,0.122802734375,0.9926158801606452,0.9923520118379991,0.9925905115905798,0.0242940648262967,0.0208678754669686,6.120392799377441,3.005359172821045,2,1368.169189453125,False,False
ivae_2env,0.4,0.0,2,2000,0.8676024253847021,0.8640847627711873,0.9948227498650594,0.7309818587672082,1636,0.102294921875,0.9948088985844228,0.9947880761970156,0.994814703192612,0.1272064731997206,0.1307033134258282,6.172375202178955,3.0264365673065186,2,1370.40966796875,False,False
ivae_2env,0.4,0.0,3,2000,0.8448753547063989,0.8444608931152202,0.9941328155225247,0.7601484747746117,1584,0.110595703125,0.9941495288902888,0.9940132712533144,0.9941496937236014,0.14927417418389,0.149552378138094,6.181142807006836,3.07562255859375,2,1370.0972900390625,False,False
ivae_2env,0.4,0.0,4,2000,0.7308501060287553,0.7211953030488232,0.9950662035135668,0.6251886418285423,1601,0.098876953125,0.9950738821738284,0.9949245004811216,0.9950709716861668,0.2642237761450731,0.2737291974322983,6.161953926086426,3.055856466293335,2,1366.5389404296875,False,False
ivae_2env,0.4,0.0,5,2000,0.901721431101618,0.9042440650610128,0.9938291361570628,0.7792478483158857,1535,0.113525390625,0.993842922745755,0.993682186670543,0.9938440824214716,0.092121491644137,0.0894381216095301,6.128034591674805,3.0475962162017822,2,1368.2196044921875,False,False
ivae_2env,0.4,0.0,6,2000,0.9189468693778572,0.9220093960023455,0.9924992927997082,0.7955273413527015,1628,0.125732421875,0.9924911036251444,0.9920996532749096,0.9924827037749292,0.0735442342472869,0.0700902572725639,6.090518951416016,3.0349154472351074,2,1364.865234375,False,False
ivae_2env,0.4,0.0,7,2000,0.9422773438792807,0.9450977550244354,0.9925242954287788,0.8392640914977822,1579,0.122802734375,0.9925361770910786,0.9922426730606648,0.9925337505739816,0.0502588332117978,0.0471449180362293,6.129072189331055,3.0463972091674805,2,1368.9981689453125,False,False
ivae_2env,0.4,0.0,8,2000,0.9673612129627024,0.9703359715839892,0.9916894367484156,0.923185566054,1599,0.130615234375,0.9917141395365904,0.9916025719006394,0.9917148817073088,0.0243529265738882,0.02126660031665,6.151817798614502,3.0662524700164795,2,1371.811279296875,False,False
ivae_2env,0.4,0.0,9,2000,0.9447347922083664,0.9485328466332084,0.990446693435188,0.8670311718063384,1575,0.140380859375,0.9904366277088928,0.9900753247688276,0.9904269301494896,0.0457018355005262,0.0415424781356192,6.25747013092041,3.04101824760437,2,1368.86962890625,False,False
ivae_2env,0.4,0.0,10,2000,0.9536931729262472,0.9571459387864814,0.9936866743864314,0.8761239765840805,1594,0.112060546875,0.9936662608107164,0.9934145641036376,0.99365996031622,0.039973087884469,0.0362686253171562,6.147228240966797,3.064920663833618,2,1369.6727294921875,False,False
ivae_2env,0.4,0.0,11,2000,0.7372809391969665,0.731544950136235,0.9956757883086876,0.632852308277501,1581,0.096435546875,0.995691680263666,0.9955301323825294,0.995690304556963,0.2584107410666995,0.2639851822462944,6.191247940063477,3.0645790100097656,2,1365.2308349609375,False,False
ivae_2env,0.4,0.0,12,2000,0.9450892022814968,0.9479625134906248,0.9937038178621524,0.8714452820712161,1645,0.113037109375,0.99371771095407,0.9936887446721824,0.9937197985903644,0.0486285086725732,0.0457262311815576,6.212172985076904,3.0886452198028564,2,1370.9478759765625,False,False
ivae_2env,0.4,0.0,13,2000,0.9501855693076195,0.9556010561502608,0.9931065343211694,0.871460389730965,1591,0.118408203125,0.9931072728135252,0.992936434484105,0.9931140343015248,0.0429217035059055,0.0373353783338442,6.171884536743164,3.03977108001709,2,1366.5465087890625,False,False
ivae_2env,0.4,0.0,14,2000,0.9907606925507784,0.993407278601816,0.992554398505446,0.9847484054447088,1653,0.123779296875,0.992537237514987,0.9921941465485328,0.9925380360927918,0.0017765449642086,-0.0012131320532829,6.13385009765625,3.0483076572418213,2,1368.0189208984375,False,False
ivae_2env,0.4,0.0,15,2000,0.9700716041243248,0.9741936950484202,0.9900354019125776,0.9165162294764986,1650,0.142333984375,0.990064769953732,0.9895572396393064,0.9900646874312696,0.019993165829407,0.0153635445908861,6.215206146240234,2.994647026062012,2,1371.608642578125,False,False
ivae_2env,0.4,0.0,16,2000,0.9338583972133666,0.9528691234672774,0.955853593139378,0.8794569605593724,1631,0.307861328125,0.955921792970192,0.9570058815014668,0.9558757553937852,0.0220633957568253,0.0041367580341894,6.192827224731445,2.862766981124878,2,1372.3631591796875,False,False
ivae_2env,0.4,0.0,17,2000,0.980757915040486,0.9863684083420986,0.9905551537035904,0.9450140648040508,1541,0.142333984375,0.9905775152275064,0.990272406068098,0.9905678589461192,0.0098196001870203,0.0039039977259992,6.091519832611084,3.0072576999664307,2,1361.8607177734375,False,False
ivae_2env,0.4,0.0,18,2000,0.8266037472073442,0.8221088887772192,0.993396075182338,0.7233557193647164,1636,0.117431640625,0.9934149432880792,0.9930772522693097,0.9933982597651994,0.166811196080735,0.1709683634920903,6.241220951080322,3.097489356994629,2,1366.6983642578125,False,False
ivae_2env,0.4,0.0,19,2000,0.7231338830817369,0.7119464289866047,0.99491945336488,0.6456881257354233,1590,0.102294921875,0.9949357001577908,0.9947281639320376,0.9949375633708712,0.271801817076054,0.2827817349454329,6.124370574951172,3.05092453956604,2,1366.6387939453125,False,False
ivae_2env,0.4,0.0,20,2000,0.9912742898019532,0.9956177391544312,0.9916189207333044,0.9912044566027104,1605,0.129638671875,0.9916200991252668,0.9915025173756258,0.9915909887942408,0.0003458093233136,-0.0041152217788055,6.112615585327148,3.022738218307495,2,1362.019287109375,False,False
ivae_2env,0.4,0.0,21,2000,0.7131233556843715,0.7117295454323838,0.990657390411283,0.6332206591219086,1602,0.140869140625,0.9906354652866844,0.9902536755634156,0.990639966022402,0.277512109602313,0.2785241301310317,6.194622993469238,3.023411512374878,2,1368.8525390625,False,False
ivae_2env,0.4,0.0,22,2000,0.9346913711109278,0.9363196335799048,0.9928438226412754,0.8279515061157201,1573,0.120849609375,0.9928773301707328,0.9923928733482148,0.9928691590567484,0.0581859590598049,0.0560732397683099,6.191952705383301,3.01037073135376,2,1368.8074951171875,False,False
ivae_2env,0.4,0.0,23,2000,0.8600182671340013,0.8585071201267769,0.9932539420520888,0.7445536292412884,1595,0.116455078125,0.9932795313520828,0.9930142912535692,0.9932791447200522,0.1332612642180815,0.1345071711267922,6.252632141113281,3.1258223056793213,2,1367.928955078125,False,False
ivae_2env,0.4,0.0,24,2000,0.7761065793679591,0.7718190737047654,0.9964063293687512,0.6756640248999948,1652,0.082763671875,0.9964221902660432,0.996311447327858,0.996419506994346,0.2203156108980841,0.2244923736230927,6.122756004333496,3.020069599151612,2,1370.3414306640625,False,False
ivae_2env,0.6,0.0,0,2000,0.8646547304820436,0.864151336537831,0.994018689080768,0.8326273405803624,2400,0.110107421875,0.9940261610049376,0.9938063612015866,0.9940289429355448,0.1293714305228941,0.1296550246637555,6.141062736511231,3.060018539428711,2,1370.447998046875,False,False
ivae_2env,0.6,0.0,1,2000,0.9835447250685942,0.9866278949069702,0.9918948246063212,0.972828196887346,2427,0.128662109375,0.9919150618936804,0.991594711148674,0.9919028866249132,0.008370336825086,0.0049668162417038,6.156044006347656,3.0183911323547363,2,1368.352783203125,False,False
ivae_2env,0.6,0.0,2,2000,0.987895114617814,0.9922144558036106,0.991869055430764,0.9900891128099302,2401,0.128662109375,0.9918545476532874,0.9918579627144872,0.9918678582540648,0.0039594330354733,-0.0003564930891233,6.169699192047119,3.024403810501098,2,1368.7237548828125,False,False
ivae_2env,0.6,0.0,3,2000,0.8945340246622964,0.897284136821031,0.9935571402385116,0.8586803977910373,2385,0.116455078125,0.9935593661791372,0.993415038853756,0.9935481041946036,0.0990253415168407,0.096130902032725,6.162722587585449,3.0624001026153564,2,1370.4388427734375,False,False
ivae_2env,0.6,0.0,4,2000,0.7637868942096265,0.7572322608080624,0.9950709965329833,0.7306505644889683,2387,0.099365234375,0.9950691949226512,0.9948382962095704,0.995063017961719,0.2312823007130248,0.2376060354015079,6.159558773040772,3.0523126125335693,2,1365.2244873046875,False,False
ivae_2env,0.6,0.0,5,2000,0.91788541341859,0.9204310588577612,0.9936740408993784,0.8783313408523812,2373,0.114501953125,0.9936735537194756,0.9935822033955471,0.99367562899639,0.0757881403008857,0.0731511445377859,6.1218132972717285,3.0334129333496094,2,1368.80517578125,False,False
ivae_2env,0.6,0.0,6,2000,0.9097100202351628,0.9115747386436812,0.9930593607973804,0.857527449768007,2449,0.120361328125,0.9930866578664038,0.992733686933418,0.9930831587672474,0.0833766376312409,0.0811589482897366,6.0978546142578125,3.025753974914551,2,1366.091064453125,False,False
ivae_2env,0.6,0.0,7,2000,0.8883728739616544,0.889631989157994,0.993659128563902,0.829347310373767,2338,0.113037109375,0.9936584120798124,0.9932550923137696,0.993657953559391,0.105285538118158,0.1036231031557756,6.132898807525635,3.0536253452301025,2,1367.13525390625,False,False
ivae_2env,0.6,0.0,8,2000,0.9097299356748298,0.9125312363828058,0.9938206725629256,0.8563125703079986,2470,0.113525390625,0.9938028260526556,0.9936520299130038,0.9938037763329156,0.0840728903778257,0.081120793530198,6.175902366638184,3.027930736541748,2,1373.8060302734375,False,False
ivae_2env,0.6,0.0,9,2000,0.9579912151809704,0.96257785414446,0.9913076949859608,0.933153783404556,2394,0.133056640625,0.9912853602924574,0.9910277147569252,0.9912869734235956,0.033294145111487,0.028449860612465,6.256957054138184,3.049527883529663,2,1369.1031494140625,False,False
ivae_2env,0.6,0.0,10,2000,0.991626971507878,0.9954948291237036,0.9917838039435593,0.9961784952476408,2415,0.128173828125,0.9917801602699708,0.9914906958726706,0.9917714533613564,0.0001531887620928,-0.0040041332510329,6.154189586639404,3.064781904220581,2,1370.9498291015625,False,False
ivae_2env,0.6,0.0,11,2000,0.7396969594736694,0.7314889618722378,0.995258813108536,0.6910656216257232,2365,0.100830078125,0.995278100189653,0.9951037520259344,0.9952786512458128,0.2555811407159836,0.2636147901536967,6.16892147064209,3.0463521480560303,2,1365.605224609375,False,False
ivae_2env,0.6,0.0,12,2000,0.98234311208825,0.9855047718761896,0.9933461003967916,0.979680273109618,2432,0.116455078125,0.9933478350001363,0.9933672420918068,0.9933461708764334,0.0110047229118863,0.0078624702156174,6.1650896072387695,3.002919912338257,2,1370.987548828125,False,False
ivae_2env,0.6,0.0,13,2000,0.876290451253841,0.8759990039997478,0.9952367615582997,0.8350718752947243,2389,0.097900390625,0.9952502247485054,0.995159194289795,0.9952508396549627,0.1189597734946644,0.1191601902900472,6.177613258361816,3.060060739517212,2,1366.1778564453125,False,False
ivae_2env,0.6,0.0,14,2000,0.9826941461053662,0.9857563046890724,0.991702309281656,0.9758773254553388,2420,0.131103515625,0.991678611795662,0.9912995590748864,0.991676230345072,0.0089844656902956,0.0055432543858138,6.1416730880737305,3.0481882095336914,2,1367.3438720703125,False,False
ivae_2env,0.6,0.0,15,2000,0.958099284618137,0.959722718180676,0.99097183644684,0.9305593697692832,2479,0.135498046875,0.9909839731631244,0.9905573933893446,0.990984389618967,0.0328846885449874,0.0308346752086686,6.174952507019043,2.9925503730773926,2,1373.5897216796875,False,False
ivae_2env,0.6,0.0,16,2000,0.9855152971274737,0.9917185894296436,0.9876350863443646,0.9836893735979,2408,0.158447265625,0.9876563456040875,0.9878054574513608,0.9876419330079882,0.0021410484766141,-0.0039131319782829,6.108107566833496,2.9444596767425537,2,1372.4576416015625,False,False
ivae_2env,0.6,0.0,17,2000,0.9893999399464086,0.9943619403404816,0.9909976172562236,0.9909683237899328,2362,0.138916015625,0.9910340919692068,0.990824718956176,0.9910288605218318,0.0016341520227982,-0.0035372213843056,6.090533256530762,3.0032663345336914,2,1363.0926513671875,False,False
ivae_2env,0.6,0.0,18,2000,0.7593530673760969,0.7514910401227572,0.9918323298019976,0.7128129598958272,2394,0.130615234375,0.9918616879716357,0.991446246361558,0.9918425809577872,0.2325086205955386,0.2399552062388006,6.281098365783691,3.139740228652954,2,1364.7891845703125,False,False
ivae_2env,0.6,0.0,19,2000,0.7855643318099099,0.7812665740666407,0.994721797623828,0.7532437057029149,2440,0.105224609375,0.9947154345720494,0.994455086613768,0.9947130085676952,0.2091511027621394,0.2131885125471274,6.144737243652344,3.0495290756225586,2,1368.1099853515625,False,False
ivae_2env,0.6,0.0,20,2000,0.9904928996729364,0.9959771842442926,0.990544653324436,0.9965546342253162,2350,0.137939453125,0.9905487368822076,0.9903658020914468,0.9905121701850906,5.583720927138103e-05,-0.0056113821528458,6.063024520874023,3.0116305351257324,2,1360.196044921875,False,False
ivae_2env,0.6,0.0,21,2000,0.9362167935780394,0.9410732022682968,0.9896895513520344,0.8942638022950816,2390,0.148193359375,0.9896606125098332,0.9891346355336552,0.989664527716614,0.0534438189317938,0.0480614332653581,6.169834136962891,2.953631401062012,2,1368.020751953125,False,False
ivae_2env,0.6,0.0,22,2000,0.954579960887716,0.9581334595333612,0.9919426358873318,0.924528573216122,2398,0.128173828125,0.9919617530686886,0.9914692586173112,0.9919620160940246,0.0373817921809727,0.03333579908395,6.197376728057861,3.032172203063965,2,1369.38916015625,False,False
ivae_2env,0.6,0.0,23,2000,0.8512036122497161,0.8488593742148405,0.9931188887329632,0.81302994009535,2402,0.117919921875,0.9930964778894648,0.9928466077116482,0.9930964624931188,0.1418928656397488,0.1439872334968077,6.222488880157471,3.109648942947388,2,1368.277099609375,False,False
ivae_2env,0.6,0.0,24,2000,0.967216600069236,0.9698773397193314,0.9925007538552456,0.9517697265232866,2430,0.120361328125,0.9924963269528342,0.992339006084748,0.9924968907740412,0.0252797268835982,0.0224616663654164,6.170626640319824,3.043833017349243,2,1369.628662109375,False,False
ivae_2env,0.8,0.0,0,2000,0.9735459463529568,0.9787101211775266,0.9921721541806664,0.9759080264889262,3172,0.125732421875,0.9921706854722016,0.9919542537385598,0.992168413899742,0.0186247391192448,0.0132441325610331,6.140739917755127,3.03115177154541,2,1369.71337890625,False,False
ivae_2env,0.8,0.0,1,2000,0.9849974008926076,0.987680271170064,0.9924277613501358,0.9847133102967738,3230,0.124755859375,0.9924245987104496,0.9920265537566348,0.9924148568205194,0.0074271978178421,0.0043462825865707,6.156137943267822,3.022637128829956,2,1367.602294921875,False,False
ivae_2env,0.8,0.0,2,2000,0.8662357474006841,0.8647779961944959,0.9949634149130936,0.8459739696658173,3183,0.100830078125,0.9949715241893196,0.9949052037262974,0.9949733675918738,0.1287357767886354,0.1301272075318015,6.189667701721191,3.0716333389282227,2,1368.91552734375,False,False
ivae_2env,0.8,0.0,3,2000,0.9683565311607972,0.971531638382906,0.9920572952608436,0.9626053839217455,3171,0.128662109375,0.9920707024873484,0.991925005981248,0.9920650548563252,0.0237141713265511,0.0203933675983418,6.103823661804199,2.985542297363281,2,1369.5615234375,False,False
ivae_2env,0.8,0.0,4,2000,0.7287356989499407,0.7161462215365528,0.9940096193098388,0.7138215627478286,3178,0.109619140625,0.9939984092860576,0.9936993324248296,0.9939958229941688,0.2652627103361169,0.2775531108882767,6.173428535461426,3.0724096298217773,2,1364.3465576171875,False,False
ivae_2env,0.8,0.0,5,2000,0.9217830409799171,0.9257505746876404,0.9931550221843132,0.9131577478402204,3185,0.119384765625,0.9931328390612189,0.9930868327717044,0.9931341373533008,0.0713497980813017,0.0673362580840639,6.097092628479004,3.0074551105499268,2,1368.1590576171875,False,False
ivae_2env,0.8,0.0,6,2000,0.9080388974141398,0.9108862639715624,0.9930907725367346,0.8947839948653836,3222,0.120849609375,0.9930976192239122,0.9927164429291072,0.993095493749422,0.0850587218097723,0.0818301789575448,6.097668647766113,3.033827066421509,2,1366.3558349609375,False,False
ivae_2env,0.8,0.0,7,2000,0.8655165328809498,0.8625826683956639,0.993618047152417,0.8399181037280845,3183,0.113037109375,0.9936351647946172,0.9933327518331848,0.9936332312708508,0.1281186319136675,0.1307500834375208,6.146082401275635,3.0459256172180176,2,1368.3558349609375,False,False
ivae_2env,0.8,0.0,8,2000,0.8240794661454904,0.8243991973497963,0.9956196039288936,0.8067671704139268,3266,0.095458984375,0.9956089795010884,0.9954731496182838,0.9956074054499224,0.171529513355598,0.1710739522684875,6.186009883880615,3.055152416229248,2,1373.2366943359375,False,False
ivae_2env,0.8,0.0,9,2000,0.9487068778004516,0.9530681877670436,0.991192640759199,0.943479775299284,3196,0.134521484375,0.991189783759344,0.9909312159828004,0.9911919144776308,0.0424829059588923,0.0378630282157568,6.292489051818848,3.045668125152588,2,1368.8572998046875,False,False
ivae_2env,0.8,0.0,10,2000,0.9911528769654688,0.9948413119603244,0.9915240351502752,0.9938641226327958,3239,0.130126953125,0.9915232594853431,0.9912133848033426,0.9915183401009826,0.0003703825198742,-0.0036279271569816,6.174659729003906,3.0810067653656006,2,1372.1263427734375,False,False
ivae_2env,0.8,0.0,11,2000,0.7495419700103378,0.7461523355380812,0.9955610847348542,0.7357178130260347,3215,0.097900390625,0.995544430482992,0.9954369891092436,0.9955457573259764,0.2460024604726542,0.2492846535711623,6.136392593383789,3.025423049926758,2,1367.906005859375,False,False
ivae_2env,0.8,0.0,12,2000,0.8903525270940049,0.8920181395045315,0.9946875780210076,0.8811961589638724,3199,0.103759765625,0.9947113792579976,0.9946851656712876,0.9947067631693218,0.1043588521639926,0.1026670261667561,6.198244094848633,3.085243463516236,2,1370.145263671875,False,False
ivae_2env,0.8,0.0,13,2000,0.9756274845153878,0.9822552655638128,0.9912465289061982,0.9779870815993256,3212,0.132568359375,0.991265570836743,0.9911161285290286,0.9912717552346452,0.0156380863213552,0.0088608629652158,6.140151023864746,3.0182852745056152,2,1367.3040771484375,False,False
ivae_2env,0.8,0.0,14,2000,0.9896279657115812,0.9935304571326108,0.9921204334029006,0.9928395899597952,3190,0.127197265625,0.9921344656975924,0.9918090964522706,0.992136038709584,0.002506499986011,-0.0017213606803401,6.096884727478027,3.033464193344116,2,1366.383544921875,False,False
ivae_2env,0.8,0.0,15,2000,0.9674811529542484,0.9716188769047156,0.9894575872645128,0.9628232662120708,3204,0.146728515625,0.9894321304573525,0.988803285450818,0.98944036454955,0.0219509775031039,0.0171844085461023,6.127741813659668,2.9814207553863525,2,1371.46044921875,False,False
ivae_2env,0.8,0.0,16,2000,0.9214601569839742,0.9424921448730328,0.9424139223664106,0.93009346208036,3200,0.355712890625,0.9425220196716476,0.9433345885836436,0.9424770243288668,0.0210618626876735,0.0008424437106107,6.189793586730957,2.839521884918213,2,1372.22607421875,False,False
ivae_2env,0.8,0.0,17,2000,0.9707510062439816,0.9753048960762204,0.99200472161371,0.965761204223046,3211,0.131103515625,0.9920346834458564,0.9918788689697136,0.9920335539482872,0.0212836772018749,0.016573972893493,6.067753314971924,2.992157220840454,2,1365.3807373046875,False,False
ivae_2env,0.8,0.0,18,2000,0.9056162619564172,0.905595761898937,0.9908487991393105,0.8989371699258041,3185,0.137939453125,0.9908894629846088,0.9904228051056976,0.9908730747024264,0.0852732010281914,0.0848270432067607,6.185375213623047,3.032423734664917,2,1365.23779296875,False,False
ivae_2env,0.8,0.0,19,2000,0.8707679772805128,0.8719520494880093,0.993493491253078,0.863294119931999,3204,0.116943359375,0.9934795227781468,0.9931834192958512,0.9934813157727034,0.1227115454976339,0.121231369807842,6.151694297790527,3.0467898845672607,2,1366.7962646484375,False,False
ivae_2env,0.8,0.0,20,2000,0.9907176396365815,0.9957325019331218,0.9907592949688488,0.9952363786808084,3180,0.136474609375,0.990780192063316,0.9906807249201776,0.9907477895574566,6.255242673458561e-05,-0.0050517770129441,6.169602394104004,3.058813095092773,2,1361.459228515625,False,False
ivae_2env,0.8,0.0,21,2000,0.958198215273913,0.9624454446113576,0.9889870594306645,0.952675470772324,3194,0.153076171875,0.9889502003135496,0.9885956793989162,0.9889552210580064,0.0307519850396364,0.0261502347875587,6.187829494476318,2.9582555294036865,2,1368.2294921875,False,False
ivae_2env,0.8,0.0,22,2000,0.8815169026580998,0.8827188279297038,0.9934441406706604,0.871228945349787,3184,0.115478515625,0.993442021848511,0.9930356685089132,0.9934405242965638,0.1119251191904112,0.1103168405792094,6.149720191955566,2.9973604679107666,2,1368.921630859375,False,False
ivae_2env,0.8,0.0,23,2000,0.8602711578797415,0.8589050387262566,0.9939517932288268,0.8541643395558216,3217,0.110107421875,0.9939458445805098,0.9937764834441172,0.9939478969638184,0.1336746867007683,0.1348714447178606,6.225358009338379,3.112666606903076,2,1368.4410400390625,False,False
ivae_2env,0.8,0.0,24,2000,0.964502577164296,0.96759821439955,0.9932708255046968,0.9611260841597185,3216,0.114013671875,0.9932826346476756,0.9931252327813044,0.9932815814588906,0.0287800574833795,0.0255270183817544,6.19282341003418,3.05617618560791,2,1369.3677978515625,False,False
ivae_2env,1.0,0.0,0,2000,0.7875728040160852,0.7838903124725751,0.9941223956818046,0.7875728040160852,4000,0.109130859375,0.9941398067341338,0.9939830124957496,0.9941401174291404,0.2065670027180486,0.2100927000231744,6.151942253112793,3.0691919326782227,2,1370.8275146484375,False,False
ivae_2env,1.0,0.0,1,2000,0.9794777799234536,0.9816967404241814,0.9925436377389968,0.9794777799234536,4000,0.122802734375,0.9925466000146786,0.9922410425602568,0.9925376331301072,0.0130688200912251,0.0105443021360754,6.129787445068359,3.007253646850586,2,1367.3822021484375,False,False
ivae_2env,1.0,0.0,2,2000,0.9186731633697172,0.9213768923442198,0.989925938100539,0.9186731633697172,4000,0.144287109375,0.9899145756970966,0.98963981465995,0.9899062865880826,0.0712414123273794,0.0682629223157302,6.185626983642578,3.036307573318481,2,1368.5125732421875,False,False
ivae_2env,1.0,0.0,3,2000,0.97855408158334,0.9817588126896996,0.9929938209833906,0.97855408158334,4000,0.121337890625,0.9929735717863324,0.992789142697282,0.9929730804096272,0.0144194902029924,0.0110303300075824,6.0817484855651855,2.9892797470092773,2,1369.0943603515625,False,False
ivae_2env,1.0,0.0,4,2000,0.7333690221571856,0.7217982161995515,0.995736462250752,0.7333690221571856,4000,0.091552734375,0.9957509291091856,0.9955434786358656,0.9957480510801312,0.2623819069519999,0.2737452624363141,6.21413516998291,3.098304271697998,2,1365.0157470703125,False,False
ivae_2env,1.0,0.0,5,2000,0.8632217547602713,0.8626097051524233,0.9941262169842968,0.8632217547602713,4000,0.109619140625,0.9941482013315246,0.9940978195244512,0.994148103652032,0.1309264465712533,0.1314881143720279,6.090507507324219,3.0178380012512207,2,1368.3416748046875,False,False
ivae_2env,1.0,0.0,6,2000,0.9387703894769952,0.9430593655148376,0.9927513599284596,0.9387703894769952,4000,0.123779296875,0.9927711576441294,0.9923500618375118,0.9927748877963228,0.0540007681671342,0.0492906963226741,6.107662677764893,3.037325859069824,2,1367.364990234375,False,False
ivae_2env,1.0,0.0,7,2000,0.8654820393517595,0.8673284438321078,0.9949024393417404,0.8654820393517595,4000,0.100341796875,0.9949227545690296,0.9947547026886722,0.994922637552567,0.12944071521727,0.1274262588565643,6.1876325607299805,3.0625901222229004,2,1368.5872802734375,False,False
ivae_2env,1.0,0.0,8,2000,0.7287892967568976,0.7234824728706157,0.9957973652311586,0.7287892967568976,4000,0.093017578125,0.9958053523484768,0.995680958920236,0.9958045218285212,0.267016055591579,0.2721984860496204,6.208280563354492,3.0939621925354004,2,1372.686767578125,False,False
ivae_2env,1.0,0.0,9,2000,0.92917392969733,0.932675964668988,0.9890074143846193,0.92917392969733,4000,0.150634765625,0.989027160723079,0.9886841839210424,0.9890247851122644,0.0598532310257489,0.0560082192520544,6.262868881225586,3.0272395610809326,2,1369.377197265625,False,False
ivae_2env,1.0,0.0,10,2000,0.930764464061916,0.933187470046864,0.9941735234701924,0.930764464061916,4000,0.108154296875,0.9941711841700326,0.993912429978104,0.9941679395443016,0.0634067201081166,0.0607249599312398,6.239526748657227,3.101835489273072,2,1371.728759765625,False,False
ivae_2env,1.0,0.0,11,2000,0.7853030375509691,0.7733343958335961,0.9958254083020344,0.7853030375509691,4000,0.094970703125,0.9958095703145036,0.9956940044234974,0.9958048575973412,0.2105065327635344,0.2223596085899013,6.175496578216553,3.074969291687012,2,1367.1904296875,False,False
ivae_2env,1.0,0.0,12,2000,0.84415069117322,0.8406183399045819,0.9945300945081544,0.84415069117322,4000,0.105224609375,0.9945277694492184,0.9944684313671042,0.9945209763539352,0.1503770782759985,0.1538500914625222,6.202235221862793,3.096581220626831,2,1369.8516845703125,False,False
ivae_2env,1.0,0.0,13,2000,0.9684216266466992,0.9741740270435034,0.992292648581441,0.9684216266466992,4000,0.124267578125,0.9923164704078428,0.9921769520442344,0.992321120472592,0.0238948437611437,0.018002925000731,6.218556880950928,3.044793605804444,2,1366.287353515625,False,False
ivae_2env,1.0,0.0,14,2000,0.988199071711791,0.9920510975127704,0.9915593846036668,0.988199071711791,4000,0.131103515625,0.9915757130687306,0.9912727878181934,0.9915829252228006,0.0033766413569396,-0.0007783096945771,6.121199607849121,3.050278425216675,2,1365.707275390625,False,False
ivae_2env,1.0,0.0,15,2000,0.9863952374619211,0.9913775755943902,0.990940562205636,0.9863952374619211,4000,0.135498046875,0.99091143007684,0.9903286635821622,0.9909114320068038,0.0045161926149188,-0.001048912012228,6.117897033691406,3.0042471885681152,2,1370.5240478515625,False,False
ivae_2env,1.0,0.0,16,2000,0.9860080420726028,0.9902414235603522,0.990668730739386,0.9860080420726028,4000,0.137939453125,0.9906619702002512,0.990689922922477,0.9906513734644586,0.0046539281276484,0.0004484993621248,6.107020854949951,2.964022397994995,2,1372.6031494140625,False,False
ivae_2env,1.0,0.0,17,2000,0.9558476888092996,0.9610407130101748,0.9908364346339588,0.9558476888092996,4000,0.140380859375,0.9908245789187816,0.9906813339203298,0.9908221006805008,0.0349768901094821,0.0296406209101549,6.097447395324707,2.983502149581909,2,1365.66162109375,False,False
ivae_2env,1.0,0.0,18,2000,0.9292682504897758,0.9309336932334198,0.9910838106683304,0.9292682504897758,4000,0.136474609375,0.9910700916625156,0.9906628524157096,0.9910623774098688,0.0618018411727396,0.0597291591822897,6.201264381408691,3.030091047286988,2,1365.7818603515625,False,False
ivae_2env,1.0,0.0,19,2000,0.7102655996550955,0.7004132591033122,0.9948831560089062,0.7102655996550955,4000,0.103271484375,0.99486379523076,0.9946577306644292,0.9948642965341004,0.2845981955756644,0.2942444715611169,6.118846893310547,3.0457568168640137,2,1366.17724609375,False,False
ivae_2env,1.0,0.0,20,2000,0.9897138357722972,0.9932075550518852,0.992029851718311,0.9897138357722972,4000,0.125732421875,0.9920866706156548,0.9920469117617244,0.9920585827881118,0.0023728348433574,-0.0011606432901608,6.131126403808594,3.039073944091797,2,1362.1632080078125,False,False
ivae_2env,1.0,0.0,21,2000,0.9888921894986152,0.9941756140439,0.9912379798750156,0.9888921894986152,4000,0.136962890625,0.9912087171651374,0.9909318849829676,0.9912079301729028,0.002316527666522,-0.0032437290609322,6.141567707061768,2.971656322479248,2,1368.94873046875,False,False
ivae_2env,1.0,0.0,22,2000,0.8371087639059285,0.8357844146961004,0.9940044986861872,0.8371087639059285,4000,0.110107421875,0.9939873543958871,0.993590301897572,0.9939855195136128,0.1568785904899587,0.1578058872014716,6.165201663970947,3.032836675643921,2,1367.652587890625,False,False
ivae_2env,1.0,0.0,23,2000,0.891843350198541,0.8941355580338861,0.99399783858375,0.891843350198541,4000,0.109619140625,0.9940052682963698,0.993787366696838,0.9940020550495352,0.1021619180978288,0.0996518086629519,6.261820316314697,3.130192279815674,2,1369.6080322265625,False,False
ivae_2env,1.0,0.0,24,2000,0.9894371168323411,0.9939232374808058,0.9894292121865088,0.9894371168323411,4000,0.143310546875,0.9894679086375516,0.9891954890488688,0.9894591160556008,3.079180521026181e-05,-0.0047277484319371,6.079747200012207,3.022416591644287,2,1369.4996337890625,False,False
ivae_2env,0.05,2.0,0,2000,0.9740446923005788,0.9808356892089188,0.9759692443236616,,193,0.222900390625,0.9759542309374952,0.9758046887011688,0.9759638065365236,0.0019095386369164,-0.00503100050775,6.024035930633545,2.787487506866455,2,1030.533203125,False,False
ivae_2env,0.05,2.0,1,2000,0.9631367330157236,0.971694886423718,0.9776765908487202,0.5116892775910955,209,0.215087890625,0.977768313564315,0.9774955708738892,0.9777232075775708,0.0146315805485913,0.0058006844501712,6.056184768676758,2.817451238632202,2,1031.6119384765625,False,False
ivae_2env,0.05,2.0,2,2000,0.8573328191814324,0.8597163304290796,0.8790462120684763,,193,0.547607421875,0.8789437949418837,0.8800965602741369,0.8789841902514346,0.0216109757604512,0.0203802298450572,6.127762794494629,2.557997941970825,2,1029.7750244140625,False,False
ivae_2env,0.05,2.0,3,2000,0.9579882788518632,0.9642905928226448,0.9774532269439232,0.5367797215602006,210,0.218017578125,0.9775062029088724,0.9777696914424192,0.9775002965944678,0.0195179240570091,0.0134790986197744,5.948844909667969,2.6753780841827397,2,1028.7076416015625,False,False
ivae_2env,0.05,2.0,4,2000,0.733515317243272,0.7464955633738881,0.8586460768690913,0.5031903754286893,210,0.604736328125,0.8588099991601003,0.8580442620110621,0.8587178198843797,0.1252946819168282,0.1115486986371739,6.095803260803223,2.912468671798706,2,1028.1773681640625,False,False
ivae_2env,0.05,2.0,5,2000,0.8768804755962978,0.8809481082370239,0.9437769185198144,0.5189021254089632,214,0.355224609375,0.9437901767484996,0.9454386586096613,0.9437290072772982,0.0669097011522019,0.0644905503726374,6.175028800964356,2.9026150703430176,2,1028.71435546875,False,False
ivae_2env,0.05,2.0,6,2000,0.982897922628715,0.9894272661068128,0.9833667900379294,0.5122519396105853,204,0.188720703125,0.9833692915001708,0.9824573696143388,0.9833606876235064,0.0004713688714559,-0.006969896492474,5.974969863891602,2.729356050491333,2,1026.866455078125,False,False
ivae_2env,0.05,2.0,7,2000,0.5158500985591908,0.5052122680530652,0.5221286324005926,,187,1.659912109375,0.5221768597391152,0.513724475431117,0.5220879738499544,0.0063267611799243,0.0085122073780518,6.121888160705566,2.8956668376922607,2,1029.42919921875,False,False
ivae_2env,0.05,2.0,8,2000,0.9548882969381812,0.9595010998752714,0.966156625931601,,179,0.267333984375,0.966163459049212,0.9663504075875982,0.966177703181606,0.0112751621110308,0.0068493077123267,6.002963066101074,2.8195059299468994,2,1030.97607421875,False,False
ivae_2env,0.05,2.0,9,2000,0.8880044134434938,0.8921465590366366,0.9081065394972258,,185,0.467041015625,0.9081884140937976,0.907661124415278,0.9080368376267488,0.0201840006503039,0.0155145653786412,6.124763488769531,2.601074695587158,2,1029.44970703125,False,False
ivae_2env,0.05,2.0,10,2000,0.919024179136508,0.9233478620869622,0.9841497596330906,0.5337096074044784,211,0.178466796875,0.984146463755618,0.983787791196944,0.9841433130879887,0.0651222846191101,0.0604399291099818,6.071332931518555,2.911120653152466,2,1031.26708984375,False,False
ivae_2env,0.05,2.0,11,2000,0.9379141765176808,0.9417138269284532,0.9753593687123384,,190,0.234130859375,0.975399640703496,0.9751199370299808,0.9753762035280686,0.0374854641858152,0.0334061101015273,6.008177280426025,2.854004144668579,2,1027.10205078125,False,False
ivae_2env,0.05,2.0,12,2000,0.9734090994885648,0.9782644973161208,0.975992096019788,0.5360503050163833,211,0.224365234375,0.975997793943503,0.9763003615750868,0.9759680951664798,0.0025886944549382,-0.0019641357410338,6.022378444671631,2.7919185161590576,2,1029.020263671875,False,False
ivae_2env,0.05,2.0,13,2000,0.9727662240263456,0.9773926213481516,0.9808772024681218,,171,0.199462890625,0.9808239384779208,0.9803743408435815,0.980834236314264,0.0080577144515753,0.0029817194954299,6.080639362335205,2.7577619552612305,2,1028.694091796875,False,False
ivae_2env,0.05,2.0,14,2000,0.904404940352528,0.9155698313924544,0.9799560422317344,,190,0.204345703125,0.9799681412898148,0.979386470596614,0.9799645595786232,0.0755632009372867,0.0638166392041598,6.0160417556762695,2.8742799758911133,2,1026.4671630859375,False,False
ivae_2env,0.05,2.0,15,2000,0.9654340518011382,0.9742276085568988,0.9771106876865374,,200,0.217529296875,0.9770733323340688,0.9762244443061074,0.9770703033956354,0.0116392805329306,0.0019968357492087,6.000043869018555,2.7416365146636963,2,1030.5396728515625,False,False
ivae_2env,0.05,2.0,16,2000,0.9840509562972022,0.9889912662478128,0.984510356186554,,189,0.177001953125,0.9845316689815956,0.9847470834367672,0.9845258204864312,0.0004807126843935,-0.0042441828110455,5.949542999267578,2.744213819503784,2,1031.625244140625,False,False
ivae_2env,0.05,2.0,17,2000,0.9163289396547384,0.9236398626599625,0.978980462869583,0.5755923667210029,203,0.213623046875,0.9790342618883962,0.9788777154694254,0.9790079707861984,0.0627053222336578,0.0552378528094629,5.953381061553955,2.861377477645874,2,1026.2100830078125,False,False
ivae_2env,0.05,2.0,18,2000,0.9704159339173086,0.9767926084481484,0.9755888702887294,0.5119800120645128,217,0.229248046875,0.975603385165158,0.9748408394602062,0.975540776822862,0.0051874512478493,-0.0019517689879423,6.128817558288574,2.811864852905273,2,1027.114990234375,False,False
ivae_2env,0.05,2.0,19,2000,0.9456243551321676,0.950835428958854,0.97146016002384,0.5235321446794559,208,0.246337890625,0.971403366243458,0.9713295118323744,0.9714203658266818,0.0257790111112905,0.0204940828735205,5.976999282836914,2.635989189147949,2,1028.51708984375,False,False
ivae_2env,0.05,2.0,20,2000,0.8600302543158957,0.8628910234727526,0.861073803574999,0.4789767037243419,212,0.581787109375,0.8616331414488623,0.8627970304492546,0.8611600189483556,0.0016028871329665,-9.399302349799576e-05,6.0171966552734375,2.7560806274414062,2,1024.8936767578125,False,False
ivae_2env,0.05,2.0,21,2000,0.9695381439683926,0.9749078564769604,0.9813821159994848,,183,0.199462890625,0.9813407618968968,0.9809362417340568,0.981351554556115,0.0118026179285042,0.0060283852570964,5.965808391571045,2.7244083881378174,2,1030.6756591796875,False,False
ivae_2env,0.05,2.0,22,2000,0.7000251288434772,0.702268322317078,0.9653031904830182,,163,0.272705078125,0.9652696482040016,0.9637762359440554,0.9652496070713128,0.2652445193605245,0.2615079136269773,6.094976425170898,3.0217549800872803,2,1027.396484375,False,False
ivae_2env,0.05,2.0,23,2000,0.8446542845349185,0.8480152460038084,0.9831563297496556,0.5199412696736666,209,0.185302734375,0.983152219557532,0.9827753591938364,0.9831487746196907,0.1384979350226134,0.1347601131900279,6.123332977294922,2.998044729232788,2,1027.75146484375,False,False
ivae_2env,0.05,2.0,24,2000,0.9487739808889776,0.9484335833583925,0.961684732437235,,178,0.280029296875,0.961710673037955,0.961365718091426,0.9616509331616948,0.0129366921489775,0.0129321347330337,5.982243061065674,2.7805726528167725,2,1028.78369140625,False,False
ivae_2env,0.2,2.0,0,2000,0.959308217674248,0.9686975444243828,0.96293497755956,0.6224093158094719,838,0.279052734375,0.9628701504864416,0.9629181734795398,0.9629276958240804,0.0035619328121935,-0.005779370944843,6.209177017211914,2.8490259647369385,2,1032.8209228515625,False,False
ivae_2env,0.2,2.0,1,2000,0.9566114491143712,0.96632577458144,0.9703782309048272,0.6440996412064519,814,0.249267578125,0.9705069045722606,0.9701887810471914,0.9704280172783402,0.0138954554578893,0.0038630064657513,6.104641437530518,2.822407484054565,2,1033.0059814453125,False,False
ivae_2env,0.2,2.0,2,2000,0.96564335652947,0.975844869961214,0.9736121709788428,0.6047791496006116,827,0.235107421875,0.9735975659050662,0.9735461996365464,0.9736090475887766,0.0079542093755962,-0.0022986703246674,6.143117904663086,2.772427797317505,2,1031.33837890625,False,False
ivae_2env,0.2,2.0,3,2000,0.938759279335287,0.94338065434516,0.9615684018876172,0.5967670937760001,798,0.288330078125,0.961535711135448,0.962052641763157,0.9615373953091062,0.0227764318001608,0.018671987417997,6.056759834289551,2.6293747425079346,2,1030.5709228515625,False,False
ivae_2env,0.2,2.0,4,2000,0.6228968833410229,0.6336163816540932,0.766850314147423,0.4876214050270118,797,0.855224609375,0.7668495274974343,0.7645609821402428,0.766784288190661,0.1439526441564114,0.1309446004861496,6.2231879234313965,2.953216791152954,2,1028.954833984375,False,False
ivae_2env,0.2,2.0,5,2000,0.6937161965640672,0.69170021067505,0.942182475113866,0.5505240442735342,777,0.362060546875,0.9421984764617573,0.9438005479501336,0.9421668188669344,0.24848227989769,0.2521003372750836,6.276725769042969,3.0889809131622314,2,1030.3721923828125,False,False
ivae_2env,0.2,2.0,6,2000,0.9773205564411184,0.9860554865138682,0.9774747962547756,0.65327330193954,819,0.220458984375,0.9774500939244376,0.9764436093608988,0.9774392564830976,0.0001295374833192,-0.0096118771529694,6.079289436340332,2.747231960296631,2,1027.21728515625,False,False
ivae_2env,0.2,2.0,7,2000,0.6378509870339069,0.633711024927754,0.6635565971437027,0.2330673831053913,802,1.137451171875,0.6636797036575812,0.6581435987858972,0.6635800637623224,0.0258287166236743,0.0244325738581432,6.0789289474487305,2.72936487197876,2,1031.547607421875,False,False
ivae_2env,0.2,2.0,8,2000,0.9502934051078196,0.956847565461888,0.957781689229224,0.6260794060918395,769,0.301025390625,0.9577596212520234,0.9579527192381764,0.9577830210623568,0.0074662161442038,0.0011051537762881,6.100316047668457,2.8384180068969727,2,1031.4404296875,False,False
ivae_2env,0.2,2.0,9,2000,0.9677038912059172,0.9765854793963662,0.9687622554295172,0.5956713530848666,774,0.259033203125,0.9688627502496396,0.9681664145416002,0.9687935775955228,0.0011588590437223,-0.0084190648547659,6.202631950378418,2.8613409996032715,2,1030.301025390625,False,False
ivae_2env,0.2,2.0,10,2000,0.9246200229797308,0.932096345774083,0.9748544707629874,0.6137198029633281,818,0.226318359375,0.974838271519511,0.9743212213303016,0.9748364092000832,0.0502182485397801,0.0422248755562186,6.163365364074707,2.930377960205078,2,1031.367919921875,False,False
ivae_2env,0.2,2.0,11,2000,0.9266573276078498,0.9335975671493884,0.9666659011607536,0.5929650439031365,776,0.274658203125,0.9666539328198732,0.9661195597798866,0.9666342273644456,0.0399966052120235,0.0325219926304982,6.169444561004639,2.88368821144104,2,1027.912353515625,False,False
ivae_2env,0.2,2.0,12,2000,0.9551849478303364,0.9621092045272976,0.9696021686199524,0.6095006352832528,807,0.253662109375,0.9696599928786058,0.9699614559903604,0.969625813219342,0.0144750450482695,0.0078522514630626,6.087551116943359,2.819498300552368,2,1029.87646484375,False,False
ivae_2env,0.2,2.0,13,2000,0.9687809653067224,0.9762064758016152,0.9776483482728746,0.5952723939214971,788,0.216064453125,0.9776249305010024,0.9772660318165044,0.9776376540679224,0.0088439651942797,0.0010595560148891,6.162167549133301,2.76027512550354,2,1030.309326171875,False,False
ivae_2env,0.2,2.0,14,2000,0.9081131151435764,0.9173083513270844,0.9750410111428214,0.5979745072622814,818,0.229736328125,0.9750409300813035,0.974376269844064,0.9750478087153592,0.0669278149377271,0.0570679185169796,6.1063079833984375,2.856074333190918,2,1028.0230712890625,False,False
ivae_2env,0.2,2.0,15,2000,0.840609635168547,0.8448800659700133,0.8412386269538337,0.4435131795076221,808,0.639404296875,0.8412626316178672,0.8366635334158803,0.8412528007588844,0.0006529964493201,-0.008216532554133,6.201628684997559,2.8181300163269043,2,1031.9149169921875,False,False
ivae_2env,0.2,2.0,16,2000,0.8390005388797463,0.8454212736053153,0.8424494651862924,0.5283464256794663,817,0.636474609375,0.8425466179171976,0.8449169952292457,0.8423936624378967,0.0035460790374512,-0.0005042783760695,6.096917629241943,2.809835910797119,2,1033.1934814453125,False,False
ivae_2env,0.2,2.0,17,2000,0.9437759062410808,0.9512734988183712,0.9745079909180622,0.6288701480396548,780,0.236572265625,0.9744834462660648,0.9743902753475652,0.9744606483961152,0.0307075400249838,0.0231167765291938,6.044280052185059,2.8256213665008545,2,1026.1546630859375,False,False
ivae_2env,0.2,2.0,18,2000,0.9684933422829356,0.976046807511698,0.9732940483082856,0.598881081070086,828,0.239013671875,0.9733912621067392,0.9727061926765448,0.9733261935536388,0.0048979198238036,-0.0033406148351534,6.183124542236328,2.829960346221924,2,1028.215576171875,False,False
ivae_2env,0.2,2.0,19,2000,0.886622250923036,0.8906334329083548,0.9071683834983983,0.5821286642928813,818,0.470458984375,0.907153347614274,0.9078569187142264,0.9071823275664423,0.020531096691238,0.0172234858058715,6.116312503814697,2.581468343734741,2,1030.210205078125,False,False
ivae_2env,0.2,2.0,20,2000,0.8263198048728974,0.8409690527422602,0.8268350680973491,0.4554407323017579,817,0.670166015625,0.8274444455773761,0.8279596244899031,0.8267946162738395,0.0011246407044787,-0.013009428252357,6.09483814239502,2.761577606201172,2,1025.98291015625,False,False
ivae_2env,0.2,2.0,21,2000,0.9681106950540604,0.9759722852430676,0.9770100902734684,0.630567475275895,783,0.221923828125,0.9769810299768452,0.976482638620656,0.9769986950181068,0.0088703349227848,0.0005103533775884,6.145595073699951,2.7775282859802246,2,1030.467041015625,False,False
ivae_2env,0.2,2.0,22,2000,0.7435877437508412,0.7645136121284002,0.8503104888869655,0.517140043963151,741,0.627685546875,0.8504305062321345,0.8479059507264846,0.8503509269395569,0.1068427624812932,0.0833923385980843,6.073442935943604,2.8195102214813232,2,1028.7740478515625,False,False
ivae_2env,0.2,2.0,23,2000,0.4329243458945105,0.427401474350367,0.5495461363085417,0.1614981863103413,795,1.498779296875,0.5496065484014359,0.5409803582450876,0.5495123398881994,0.1166822025069252,0.1135788838947206,6.192626953125,2.6689603328704834,2,1029.27880859375,False,False
ivae_2env,0.2,2.0,24,2000,0.9456024981624502,0.9501736182934012,0.960754008478248,0.6327091647262779,809,0.282958984375,0.9608359181532966,0.9605189963797456,0.9607926909418892,0.0152334199908463,0.0103453780863445,6.050162315368652,2.775433301925659,2,1030.1619873046875,False,False
ivae_2env,0.4,2.0,0,2000,0.9313333484239308,0.94207153351788,0.9338084558028458,0.6742503864680363,1601,0.382568359375,0.9337239942385585,0.9339310562327606,0.9337764321874586,0.0023906458146277,-0.0081404772851193,6.290417194366455,2.86120867729187,2,1034.3453369140625,False,False
ivae_2env,0.4,2.0,1,2000,0.9331317807759828,0.946142462535612,0.95084894167531,0.695302064077503,1614,0.328369140625,0.9509793671912748,0.9503563078390737,0.9508161560697654,0.0178475864152919,0.0042138453034614,6.310485363006592,2.8472578525543213,2,1036.3106689453125,False,False
ivae_2env,0.4,2.0,2,2000,0.9422720948673908,0.9558834409708568,0.9436399285700364,0.6633878608596856,1636,0.351806640625,0.943654581099478,0.9441580655395132,0.943691631112388,0.0013824862320872,-0.0117253754313436,6.272685527801514,2.76155948638916,2,1034.86669921875,False,False
ivae_2env,0.4,2.0,3,2000,0.8432905084341904,0.8511888980472213,0.8920282442599794,0.5406310392547111,1584,0.517333984375,0.8919519483404791,0.8930422190105516,0.8919818039098482,0.0486614399062886,0.0418533209633302,6.243325233459473,2.6153602600097656,2,1034.3857421875,False,False
ivae_2env,0.4,2.0,4,2000,0.6232898048866998,0.62872796893199,0.7260123811329933,0.4835991553057287,1601,0.961181640625,0.7262389436275989,0.7229882197470521,0.7260548723405065,0.102949138740899,0.094260250815062,6.31264066696167,2.907069444656372,2,1032.78955078125,False,False
ivae_2env,0.4,2.0,5,2000,0.6857190881393151,0.6853887648471886,0.8941641950129302,0.5453224828179117,1535,0.510009765625,0.8940985563043926,0.8970609360152306,0.8941338573424055,0.2083794681650774,0.211672171168042,6.484098434448242,3.07707953453064,2,1031.52783203125,False,False
ivae_2env,0.4,2.0,6,2000,0.9550269232451806,0.9654518046129476,0.9556792746452858,0.6727255953549398,1628,0.314697265625,0.9557192097799364,0.9545960806490166,0.9556764490557572,0.0006922865347558,-0.0108557239639309,6.198114395141602,2.76119327545166,2,1031.435791015625,False,False
ivae_2env,0.4,2.0,7,2000,0.5026616448647592,0.5058595294648806,0.567061426187424,0.1742042965806954,1579,1.467041015625,0.5674114907237225,0.5592486340621564,0.5670128194835957,0.0647498458589633,0.0533891045972758,6.378957748413086,2.86841893196106,2,1032.720458984375,False,False
ivae_2env,0.4,2.0,8,2000,0.569111607068932,0.5710997980249474,0.6250733675936799,0.2655136963823326,1599,1.233642578125,0.6250562448290145,0.6195159798789927,0.6251202329742234,0.0559446377600824,0.0484161818540452,6.291306018829346,2.7797446250915527,2,1035.5279541015625,False,False
ivae_2env,0.4,2.0,9,2000,0.739126656625213,0.7556107521526851,0.746095101445609,0.4279922181288063,1575,0.909423828125,0.7461221568562361,0.7451751655437888,0.7460549298003899,0.006995500231023,-0.0104355866088963,6.287164211273193,2.855006456375122,2,1034.0172119140625,False,False
ivae_2env,0.4,2.0,10,2000,0.8748645477866381,0.8822501400625318,0.9578005513456488,0.6221658663343953,1594,0.299072265625,0.9577647799871248,0.9570498247624528,0.9577386416461056,0.0829002322004865,0.074799684699921,6.384788990020752,3.021246194839477,2,1034.8897705078125,False,False
ivae_2env,0.4,2.0,11,2000,0.9015243341039904,0.910895717723926,0.9460395761013844,0.6131970979593375,1581,0.355224609375,0.9461216674185076,0.9454986121246496,0.9461042513864102,0.0445973333145172,0.0346028944007233,6.261451721191406,2.8850111961364746,2,1031.602783203125,False,False
ivae_2env,0.4,2.0,12,2000,0.5973138319752579,0.6133741908435455,0.5671691540148044,0.4923133267695804,1645,1.494873046875,0.5676395003257981,0.5580232380058077,0.56717819292411,-0.0296743316494597,-0.0553509528377378,6.648802757263184,2.872865915298462,2,1036.765380859375,False,False
ivae_2env,0.4,2.0,13,2000,0.9445045249170092,0.9522126895531688,0.9455640303490584,0.6513118291665726,1591,0.345458984375,0.9454990710515924,0.94566173416543,0.9455286594281648,0.000994546134583,-0.0065509553877389,6.290594100952148,2.7446818351745605,2,1032.8734130859375,False,False
ivae_2env,0.4,2.0,14,2000,0.6368705287939451,0.627864560466138,0.6749366638540705,0.2531561940480762,1653,1.138916015625,0.6752062258565593,0.6691333215333279,0.6748659326611108,0.0383356970626141,0.0412687610671899,6.356376647949219,2.845777988433838,2,1033.3968505859375,False,False
ivae_2env,0.4,2.0,15,2000,0.7684953275961497,0.7828134464533587,0.7733710623223324,0.4068430115833755,1650,0.809326171875,0.7736138036771846,0.7657677301919299,0.7734289515527151,0.0051184760810348,-0.0170457162614288,6.276824951171875,2.835627794265747,2,1036.01318359375,False,False
ivae_2env,0.4,2.0,16,2000,0.7468620532295229,0.7547906771976665,0.7595066642636799,0.4293194357017347,1631,0.858154296875,0.7597021268206571,0.7596291969072965,0.7595961250899408,0.0128400735911341,0.00483851970963,6.25035572052002,2.8105661869049072,2,1037.371337890625,False,False
ivae_2env,0.4,2.0,17,2000,0.9372503528386864,0.9462691083172736,0.9576256462837128,0.6424738266063549,1541,0.308837890625,0.9576643747257652,0.9576800949200202,0.9576161090878228,0.0204140218870786,0.0114109866027466,6.138374328613281,2.7715377807617188,2,1027.5615234375,False,False
ivae_2env,0.4,2.0,18,2000,0.9435155396744356,0.94838177409544,0.9476649228335016,0.6512593382669682,1636,0.341552734375,0.9477516209326562,0.9463071445767826,0.9476258391105354,0.0042360812582207,-0.0020746295186573,6.267989158630371,2.8481485843658447,2,1032.1329345703125,False,False
ivae_2env,0.4,2.0,19,2000,0.8757031097754773,0.8826564609141121,0.9120372656196992,0.6106589885321064,1590,0.457763671875,0.912019182834992,0.9122554890638688,0.912013625288196,0.0363160730595146,0.0295990281497567,6.238701343536377,2.623769044876098,2,1033.03076171875,False,False
ivae_2env,0.4,2.0,20,2000,0.7245861099832307,0.748370400342597,0.7309141974796349,0.4265637973969551,1605,0.918212890625,0.7317249644755011,0.729530218632552,0.7309056387197562,0.0071388544922703,-0.018840181710045,6.318333625793457,2.820399522781372,2,1028.009765625,False,False
ivae_2env,0.4,2.0,21,2000,0.9525002648273344,0.9638462327115548,0.9577771516752664,0.6663561076510738,1602,0.306884765625,0.9577820613600556,0.9570790110197492,0.9578033378898558,0.0052817965327212,-0.0067672216918054,6.2385993003845215,2.765798568725586,2,1034.1942138671875,False,False
ivae_2env,0.4,2.0,22,2000,0.6425085822240407,0.6627767631941885,0.7788103532713203,0.5618081350421781,1573,0.819580078125,0.7790298870221102,0.775398235849556,0.7788172546843503,0.1365213047980694,0.1126214726553674,6.32856559753418,2.954812526702881,2,1032.432373046875,False,False
ivae_2env,0.4,2.0,23,2000,0.662944369781556,0.6747724746931162,0.6866122813883958,0.3159215583578515,1595,1.055908203125,0.6865499666755799,0.6818107659526891,0.6865410296268135,0.0236055968940238,0.0070382912595728,6.274032115936279,2.635122537612915,2,1032.8245849609375,False,False
ivae_2env,0.4,2.0,24,2000,0.5581548545836053,0.5693012113253009,0.5926325556280754,0.3319809356062619,1652,1.336669921875,0.5928042296141062,0.587047640761908,0.5926795408218017,0.0346493750305009,0.017746429436607,6.333963394165039,2.8515002727508545,2,1033.89013671875,False,False
ivae_2env,0.6,2.0,0,2000,0.4686009309442112,0.483141343535334,0.5494549791783849,0.2630978259004848,2400,1.504638671875,0.5500139234297703,0.5468185809546433,0.5494667059821307,0.081412992485559,0.0636772374193092,6.60707950592041,3.062471628189087,2,1040.35546875,False,False
ivae_2env,0.6,2.0,1,2000,0.7331531693799092,0.7369626439906584,0.8832078490797295,0.5717540566920455,2427,0.538818359375,0.8833636289421419,0.8833678713419645,0.8831952474474609,0.1502104595622327,0.1464052273513061,6.483366012573242,2.923940420150757,2,1040.6568603515625,False,False
ivae_2env,0.6,2.0,2,2000,0.5193289638184987,0.5427714711928657,0.5869518170862442,0.2434461662150121,2401,1.410400390625,0.5866383456645958,0.5793560078389998,0.5869535242171571,0.0673093818460971,0.036584536646134,6.57848072052002,3.02182412147522,2,1037.946533203125,False,False
ivae_2env,0.6,2.0,3,2000,0.5914501665014325,0.6149923282480798,0.6388423565098749,0.5897684505226741,2385,1.243408203125,0.6390306953600056,0.6368407277101795,0.6388989116896118,0.0475805288585731,0.0218483994620997,6.475337982177734,2.926229953765869,2,1039.7149658203125,False,False
ivae_2env,0.6,2.0,4,2000,0.4684616548106278,0.4652577690644405,0.6166519210091423,0.4143361208401287,2387,1.304931640625,0.6172908746865452,0.6108737059684244,0.616636837166172,0.1488292198759173,0.1456159369039839,6.4908447265625,2.972494125366211,2,1036.279296875,False,False
ivae_2env,0.6,2.0,5,2000,0.4858453206280977,0.4771698397924582,0.5012816575906975,0.4367899577272344,2373,1.726318359375,0.5009038740117463,0.496905563726389,0.5012948740336391,0.0150585533836485,0.0197357239339308,6.4998931884765625,2.863597869873047,2,1036.929931640625,False,False
ivae_2env,0.6,2.0,6,2000,0.89910998178296,0.9091140525285096,0.9108968975915124,0.669785376397719,2449,0.463134765625,0.911149475405708,0.909808428202104,0.9109063417391214,0.0120394936227481,0.0006943756735942,6.3742356300354,2.836511611938477,2,1036.95263671875,False,False
ivae_2env,0.6,2.0,7,2000,0.3515118272490751,0.3510607260151802,0.5021362389776807,0.2511014562810607,2338,1.719482421875,0.5023574550182023,0.4932944695736156,0.5021777371565512,0.1508456277691272,0.1422337435584354,6.548833847045898,2.930693387985229,2,1035.1385498046875,False,False
ivae_2env,0.6,2.0,8,2000,0.4171212667238465,0.4148726469681603,0.5113474325240032,0.3605096201196568,2470,1.653564453125,0.5111346428585164,0.4995800996450231,0.5113554733567542,0.0940133761346698,0.0847074526768627,6.45065975189209,2.8578569889068604,2,1042.2666015625,False,False
ivae_2env,0.6,2.0,9,2000,0.5962474806300293,0.6030965355241317,0.6265223401622395,0.3663146438497849,2394,1.246337890625,0.6265287185728865,0.6221039275259796,0.6265869084269029,0.0302812379428571,0.0190073920018479,6.471706390380859,2.9128334522247314,2,1039.376708984375,False,False
ivae_2env,0.6,2.0,10,2000,0.8660554258956692,0.872915248478809,0.918850393287606,0.6577224011233694,2415,0.430419921875,0.9189453243702008,0.9177917766979408,0.9188515446572024,0.0528898984745316,0.0448765282191319,6.464411735534668,2.956058979034424,2,1041.269287109375,False,False
ivae_2env,0.6,2.0,11,2000,0.4397637287605256,0.4365172293793058,0.5810851265633111,0.3572916593686227,2365,1.453857421875,0.5813500345489271,0.5750103027525736,0.5811405798722925,0.1415863057884014,0.1384930733732677,6.464037895202637,2.935632944107056,2,1036.6014404296875,False,False
ivae_2env,0.6,2.0,12,2000,0.6010015410557608,0.6174127408531829,0.7534335379371453,0.5207294718944491,2432,0.889404296875,0.753649501951157,0.7513938288484545,0.7534872078679713,0.1526479608953962,0.1339810879952716,6.54637622833252,2.79182767868042,2,1040.412353515625,False,False
ivae_2env,0.6,2.0,13,2000,0.4977493593835413,0.4984320856080196,0.584391362890037,0.3220293798243157,2389,1.388916015625,0.5845908631357135,0.5775464223866036,0.5843271410201418,0.0868415037521721,0.0791143367785839,6.484258651733398,2.9210400581359863,2,1038.0552978515625,False,False
ivae_2env,0.6,2.0,14,2000,0.4429124044292167,0.444958770989691,0.531395230814264,0.2131222064170197,2420,1.711669921875,0.5316251394784473,0.5231455030363739,0.5313975170780398,0.0887127350492305,0.0781867320466828,6.666085243225098,3.131870985031128,2,1037.2894287109375,False,False
ivae_2env,0.6,2.0,15,2000,0.5821292066414085,0.5951966050491491,0.620006999436024,0.3555748851363219,2479,1.242919921875,0.6200585381139532,0.6071590900397701,0.6200603520303648,0.0379293314725446,0.011962484990621,6.511155128479004,2.9372212886810303,2,1041.8685302734375,False,False
ivae_2env,0.6,2.0,16,2000,0.354631878685483,0.360709273677317,0.4994254750335867,0.2632267118248664,2408,1.699951171875,0.500348789237315,0.4927256889314205,0.499447366591298,0.1457169105518319,0.1320164152541034,6.600838661193848,3.0366992950439453,2,1041.7867431640625,False,False
ivae_2env,0.6,2.0,17,2000,0.6123508006543128,0.6084480223620033,0.6611951785033124,0.3741509818586533,2362,1.151611328125,0.6614671113263374,0.654956205239049,0.6611175919762213,0.0491163106720246,0.0465081828770456,6.339126586914063,2.8610730171203613,2,1034.9979248046875,False,False
ivae_2env,0.6,2.0,18,2000,0.5123618263326495,0.5296774504193605,0.5749300874660884,0.3654952433753592,2394,1.436767578125,0.5758805418705574,0.5653048045761991,0.5748995150667122,0.0635187155379078,0.0356273541568386,6.695229530334473,3.2569949626922607,2,1035.48876953125,False,False
ivae_2env,0.6,2.0,19,2000,0.3732142049236442,0.3846615159153775,0.4743326685516172,0.3222810456753372,2440,1.941650390625,0.4748731416152458,0.4634109723527413,0.4743385640899259,0.1016589366916015,0.0787494564373638,6.507973670959473,2.938366413116455,2,1039.7589111328125,False,False
ivae_2env,0.6,2.0,20,2000,0.6181701898425365,0.6311866757966668,0.6535101232782362,0.3737853902382498,2350,1.125244140625,0.6548072035196253,0.6506848979212222,0.6534637542301956,0.0366370136770888,0.0194982221245554,6.395758628845215,2.8398003578186035,2,1031.212158203125,False,False
ivae_2env,0.6,2.0,21,2000,0.8982669192064143,0.9114738711184645,0.9138031396486798,0.6910409953893009,2390,0.454833984375,0.9137832759370448,0.9136384421596068,0.913779582550208,0.0155163567306305,0.0021645710411424,6.35402774810791,2.78145694732666,2,1038.7215576171875,False,False
ivae_2env,0.6,2.0,22,2000,0.4958795648092399,0.5159226914806708,0.6472736908465277,0.4836938020195254,2398,1.210693359375,0.6469995008691879,0.6390522532630609,0.6472524074158561,0.151119936059948,0.1231295617823901,6.492832660675049,3.0856029987335205,2,1038.1636962890625,False,False
ivae_2env,0.6,2.0,23,2000,0.5372534735488639,0.5646678384169574,0.7107554304292704,0.3676790778461946,2402,0.977294921875,0.7107403884165893,0.7080590730147656,0.7107256198901184,0.1734869148677253,0.1433912345978081,6.518349647521973,3.2501299381256104,2,1037.455322265625,False,False
ivae_2env,0.6,2.0,24,2000,0.4138707885763779,0.4145312648828148,0.5198856295926605,0.3167876420776735,2430,1.618408203125,0.5199034151591293,0.514543871635966,0.5198653131385762,0.1060326265827513,0.1000126067531512,6.476198673248291,2.919924259185791,2,1037.9788818359375,False,False
ivae_2env,0.8,2.0,0,2000,0.3931785470203055,0.4114477283619306,0.4948584340534845,0.3117069786133014,3172,1.732177734375,0.4949091895061606,0.4910723705180908,0.4948941446077908,0.101730642485855,0.0796246421561602,6.801552295684815,3.36500096321106,2,1045.3951416015625,False,False
ivae_2env,0.8,2.0,1,2000,0.4958156074379087,0.4914653601163382,0.542137780048479,0.4711528278521196,3230,1.595947265625,0.5423712888798734,0.5353521768380423,0.5421660001469482,0.0465556814419646,0.043886816721704,6.613927841186523,3.004513025283813,2,1046.0946044921875,False,False
ivae_2env,0.8,2.0,2,2000,0.5058869392148972,0.4933542018385486,0.6758098320134548,0.4336889596711745,3183,1.106201171875,0.6757987992591312,0.6705882453970589,0.6758733638059737,0.1699118600442339,0.1772340435585102,6.798030853271484,3.1950628757476807,2,1043.9180908203125,False,False
ivae_2env,0.8,2.0,3,2000,0.4640881421492386,0.4617708539427118,0.5158740551462802,0.4570105007350116,3171,1.691650390625,0.5160347979621706,0.5115755021438737,0.5158586269047376,0.0519466558129319,0.0498046482011619,6.535258293151856,2.8821260929107666,2,1044.2493896484375,False,False
ivae_2env,0.8,2.0,4,2000,0.395374257234143,0.4187402096850509,0.5302800007704418,0.4179843154453579,3178,1.629150390625,0.5305478689753489,0.522418619354653,0.5302364188803314,0.1351736117412058,0.103678409669602,6.630760192871094,3.0532050132751465,2,1041.0,False,False
ivae_2env,0.8,2.0,5,2000,0.5146086062699184,0.5075058541264617,0.5255833109435989,0.4877554481239173,3185,1.638427734375,0.5251769153182626,0.52101140750285,0.525557380169945,0.0105683090483441,0.0135055533763883,6.557277679443359,2.918872594833374,2,1042.5079345703125,False,False
ivae_2env,0.8,2.0,6,2000,0.828302246775201,0.8307754154438507,0.8404065915220248,0.6996271455915766,3222,0.664794921875,0.8406886283668121,0.8385237378809314,0.8404088687626998,0.012386381591611,0.0077483224370806,6.514012813568115,2.875722885131836,2,1042.7786865234375,False,False
ivae_2env,0.8,2.0,7,2000,0.5010165562970406,0.4946683116670761,0.5213596666600254,0.4939963065748091,3183,1.638427734375,0.5214127727800322,0.5125058623764637,0.521378213346806,0.0203962164829916,0.0178375507093875,6.645139217376709,3.0694327354431152,2,1042.603759765625,False,False
ivae_2env,0.8,2.0,8,2000,0.4793055270417757,0.4721667032916741,0.5007952066244801,0.4456353915096559,3266,1.690673828125,0.5006759547105323,0.4891153170288273,0.5007697309924847,0.0213704276687565,0.0169486137371532,6.656158447265625,2.971372604370117,2,1048.2020263671875,False,False
ivae_2env,0.8,2.0,9,2000,0.4513086611591919,0.4437363524340865,0.5269883870008862,0.3898601361276014,3196,1.636474609375,0.5269156952200421,0.5188032509508109,0.5269605703978077,0.0756070340608501,0.0750668985167244,6.693922519683838,3.065182685852051,2,1045.710205078125,False,False
ivae_2env,0.8,2.0,10,2000,0.4175061894319427,0.4230459375114829,0.5840251208359066,0.4159033992430653,3239,1.436767578125,0.5843217024022183,0.5787121701780404,0.5840120922813615,0.1668155129702755,0.1556662326665575,6.593645095825195,2.9794256687164307,2,1048.416748046875,False,False
ivae_2env,0.8,2.0,11,2000,0.4466741471165545,0.4533944648486146,0.5252726655067406,0.3979787516028648,3215,1.679931640625,0.5251493366451674,0.5181691872922949,0.5252776369613968,0.0784751895286128,0.0647747224436802,6.652335166931152,3.0927367210388184,2,1044.3468017578125,False,False
ivae_2env,0.8,2.0,12,2000,0.4962564193098158,0.5105667113916759,0.5074116292428813,0.4739821767903994,3199,1.724365234375,0.5077205617677645,0.4948477192119279,0.5073725575834446,0.0114641424579486,-0.0157189921797479,6.669168949127197,3.002072811126709,2,1045.235595703125,False,False
ivae_2env,0.8,2.0,13,2000,0.7641487127069424,0.7704491383622818,0.8215743572249987,0.6198288003598441,3212,0.686767578125,0.8214182328685719,0.8206705234176277,0.8216265102207936,0.0572695201616294,0.0502213850553459,6.53892993927002,2.803788185119629,2,1044.4898681640625,False,False
ivae_2env,0.8,2.0,14,2000,0.4399972284650549,0.4469460404865085,0.4947147061706383,0.3922682664186143,3190,1.890380859375,0.4949286417416363,0.4857089444272343,0.4947175964770253,0.0549314132765814,0.0387629039407257,6.801959991455078,3.250932455062866,2,1041.91943359375,False,False
ivae_2env,0.8,2.0,15,2000,0.4798115037214977,0.4878422524605613,0.5401167522955214,0.3772995904280952,3204,1.531494140625,0.5398272967435547,0.5253292898323205,0.5400972198937819,0.0600157930220569,0.0374870373717591,6.738443374633789,3.081080436706543,2,1045.445556640625,False,False
ivae_2env,0.8,2.0,16,2000,0.368371742678114,0.3634590683647656,0.5131690944120026,0.3516093822969269,3200,1.666259765625,0.5138748638438221,0.5074690861172697,0.5131302570389639,0.145503121165708,0.144010017752504,6.632912635803223,3.0715932846069336,2,1047.20654296875,False,False
ivae_2env,0.8,2.0,17,2000,0.4590245938533429,0.4508826084706505,0.5642618263884953,0.4021912700836436,3211,1.489501953125,0.5644380003667251,0.5559399084849751,0.5642325432581752,0.1054134065133821,0.1050573000143246,6.495962142944336,2.941972255706787,2,1042.6851806640625,False,False
ivae_2env,0.8,2.0,18,2000,0.4451098868236278,0.4510252000062985,0.5311385633713216,0.3176324639919652,3185,1.606201171875,0.5316906790001692,0.5192077103019258,0.5311859861034033,0.0865807921765414,0.0681825102956272,6.789152145385742,3.3611316680908203,2,1041.949951171875,False,False
ivae_2env,0.8,2.0,19,2000,0.4299833531980443,0.4554848811212186,0.4705914628420348,0.4356354952944976,3204,1.970947265625,0.4706865005058526,0.4591631655407897,0.470569757380273,0.0407031473078083,0.0036782844195711,6.676234245300293,3.176796197891236,2,1043.9837646484375,False,False
ivae_2env,0.8,2.0,20,2000,0.3948165744427926,0.4198217954554474,0.5263334453065537,0.3783619372672032,3180,1.572509765625,0.5277970133482875,0.5235641831410438,0.5262831416281811,0.1329804389054948,0.1037423876855964,6.588497638702393,2.997424840927124,2,1037.5860595703125,False,False
ivae_2env,0.8,2.0,21,2000,0.8217040177311781,0.8239045887261442,0.8369271282945967,0.6971863152729433,3194,0.672607421875,0.8372089372630318,0.8385412278853039,0.8369956948770418,0.0155049195318537,0.0146366391591596,6.547709941864014,2.8657658100128174,2,1045.4534912109375,False,False
ivae_2env,0.8,2.0,22,2000,0.4137741336196591,0.4576313216578288,0.5005810537936628,0.4397660044455874,3184,1.764892578125,0.5008988269105847,0.4876087751521919,0.5005544440450347,0.0871246932909255,0.029977453494363,6.628087043762207,3.17635440826416,2,1043.853271484375,False,False
ivae_2env,0.8,2.0,23,2000,0.4045060289261575,0.4256299154074773,0.5895894035816899,0.4427814226780615,3217,1.349365234375,0.5896618841229401,0.5838856414714083,0.5895637839120499,0.1851558551967825,0.158255726063931,6.655348777770996,3.222287178039551,2,1044.1444091796875,False,False
ivae_2env,0.8,2.0,24,2000,0.4238852260981515,0.4243469403367336,0.4923629221591884,0.4055862849507549,3216,1.741455078125,0.4924726137857246,0.4868211729552916,0.4923428673371215,0.0685873876875731,0.062474232618558,6.624424934387207,3.0006065368652344,2,1043.9158935546875,False,False
ivae_2env,1.0,2.0,0,2000,0.3171536626301696,0.330639304659825,0.487464555170907,0.3171536626301696,4000,1.826904296875,0.4871756877261449,0.4826449551612369,0.48743446484154,0.1700220250959753,0.1520056505014119,6.84798526763916,3.378237724304199,2,1052.3341064453125,False,False
ivae_2env,1.0,2.0,1,2000,0.4663467877589237,0.4577872519468113,0.4885688464363272,0.4663467877589237,4000,1.821044921875,0.4889848670599686,0.481260099315023,0.4885573519696625,0.0226380793010448,0.0234728473682117,6.601971626281738,2.943584680557251,2,1050.541748046875,False,False
ivae_2env,1.0,2.0,2,2000,0.375762396138077,0.3880546277636554,0.504129720311238,0.375762396138077,4000,1.776123046875,0.5037912264849278,0.4938093042023243,0.5041350512929011,0.1280288303468508,0.1057546764386688,6.808877944946289,3.2440805435180664,2,1050.2208251953125,False,False
ivae_2env,1.0,2.0,3,2000,0.6758313728349485,0.7043126383281569,0.6910774876723104,0.6758313728349485,4000,1.072021484375,0.6910568341699538,0.6899350252337537,0.6910527432974523,0.0152254613350052,-0.0143776130944032,6.740321159362793,3.137196779251098,2,1050.1727294921875,False,False
ivae_2env,1.0,2.0,4,2000,0.4432615164737864,0.4749926282481553,0.4826331002054184,0.4432615164737864,4000,1.874755859375,0.4833436516987139,0.4742836200709032,0.4826525704499261,0.0400821352249275,-0.000709008177252,6.741975784301758,3.157665967941284,2,1047.9541015625,False,False
ivae_2env,1.0,2.0,5,2000,0.5015874072588219,0.4993260700815157,0.5172196010721857,0.5015874072588219,4000,1.673095703125,0.5167869068561237,0.5131076370269073,0.5172591540547337,0.0151994995973018,0.0137815669453915,6.604302883148193,2.919456243515014,2,1048.634521484375,False,False
ivae_2env,1.0,2.0,6,2000,0.4761681732247967,0.468486903121724,0.4943074504506938,0.4761681732247967,4000,1.865478515625,0.4943660558647317,0.490683599670898,0.4942640153183012,0.018197882639935,0.022196696549174,6.54702615737915,2.862356424331665,2,1050.030517578125,False,False
ivae_2env,1.0,2.0,7,2000,0.4156193537942807,0.4206960009239987,0.4986008374650882,0.4156193537942807,4000,1.733642578125,0.4985566622515521,0.4887521226880289,0.4986178780219026,0.0829373084572714,0.0680561217640302,6.807477951049805,3.233184099197388,2,1048.7249755859375,False,False
ivae_2env,1.0,2.0,8,2000,0.503077428857231,0.4947537171884273,0.5100285833657722,0.503077428857231,4000,1.634521484375,0.5102504956656896,0.4988225679556402,0.5100487863032999,0.0071730668084586,0.0040688507672128,6.729526519775391,3.009951591491699,2,1053.0982666015625,False,False
ivae_2env,1.0,2.0,9,2000,0.4345203514126813,0.4771218097804507,0.4823088029309884,0.4345203514126813,4000,1.814208984375,0.4827240393478245,0.4758653847163444,0.4823511403608604,0.0482036879351431,-0.0012564250641062,6.788802146911621,3.158851146697998,2,1051.0792236328125,False,False
ivae_2env,1.0,2.0,10,2000,0.3659229832133043,0.3941038907759712,0.4478840710535486,0.3659229832133043,4000,2.115478515625,0.4478147284093446,0.4424028858507198,0.4478472376015606,0.0818917451960403,0.0482989950747486,6.730112075805664,3.354069471359253,2,1053.48388671875,False,False
ivae_2env,1.0,2.0,11,2000,0.4604260868229336,0.4778579364644823,0.4687671673889967,0.4604260868229336,4000,1.971435546875,0.4687050946771776,0.4605980006494985,0.4687323369008825,0.0082790078542439,-0.0172599358149838,6.731978416442871,3.211535930633545,2,1052.4254150390625,False,False
ivae_2env,1.0,2.0,12,2000,0.4944227461943025,0.5063680025919989,0.5052004215569449,0.4944227461943025,4000,1.667724609375,0.5045604285372822,0.49508456777114,0.5051792811565392,0.0101376823429797,-0.0112834348208588,6.729507446289063,3.01008939743042,2,1051.3284912109375,False,False
ivae_2env,1.0,2.0,13,2000,0.6616441790783405,0.7074920796230173,0.6697641058388493,0.6616441790783405,4000,1.093505859375,0.6696001726375216,0.6655311343827812,0.6697943794231136,0.007955993559181,-0.041960945240236,6.7241058349609375,3.1385860443115234,2,1050.364990234375,False,False
ivae_2env,1.0,2.0,14,2000,0.4602325246474475,0.4805919931479964,0.4907031588932435,0.4602325246474475,4000,1.877197265625,0.4911982333264655,0.4830285930071465,0.4907283667686103,0.0309657086790179,0.0024365998591501,6.573906421661377,2.9355430603027344,2,1048.43603515625,False,False
ivae_2env,1.0,2.0,15,2000,0.4742827391142274,0.4763245970811475,0.5068956237773954,0.4742827391142274,4000,1.648681640625,0.5069109333264311,0.4923454680863651,0.5069159219350511,0.0326281942122036,0.0160208710052176,6.668142795562744,3.032173156738281,2,1052.0057373046875,False,False
ivae_2env,1.0,2.0,16,2000,0.4879840769647445,0.4864405726101413,0.5014867464901437,0.4879840769647445,4000,1.756591796875,0.5023941533295649,0.4972823983205977,0.5015263016101914,0.0144100763648203,0.0108418257104563,6.635652542114258,3.0171713829040527,2,1053.6761474609375,False,False
ivae_2env,1.0,2.0,17,2000,0.439183663986311,0.4423619935904967,0.4901328166721241,0.439183663986311,4000,1.822021484375,0.4904283093045098,0.4806315751578921,0.4901551308800186,0.0512446453181988,0.0382695815673954,6.685636520385742,3.0816617012023926,2,1050.202392578125,False,False
ivae_2env,1.0,2.0,18,2000,0.3886970907316937,0.4368578389644583,0.4413478367160709,0.3886970907316937,4000,2.068115234375,0.4420002960674784,0.4284868678717154,0.4413793732853583,0.0533032053357847,-0.0083709710927429,6.753655910491943,3.297199010848999,2,1047.563232421875,False,False
ivae_2env,1.0,2.0,19,2000,0.3479853391212136,0.3673707408426839,0.4622231603920476,0.3479853391212136,4000,1.978759765625,0.4622777720997379,0.4501960485490105,0.4622049887491938,0.1142924329785243,0.0828253077063266,6.726741790771484,3.3331689834594727,2,1049.68701171875,False,False
ivae_2env,1.0,2.0,20,2000,0.4583095653180263,0.483557379139343,0.4682704668427277,0.4583095653180263,4000,1.828857421875,0.4703482971783322,0.4667850829462689,0.468268675603088,0.0120387318603059,-0.016772296193074,6.730246543884277,3.16658353805542,2,1044.455810546875,False,False
ivae_2env,1.0,2.0,21,2000,0.4031669753460575,0.3914867441216846,0.4837738902138402,0.4031669753460575,4000,1.901123046875,0.4838721058985913,0.4779841659960397,0.4837871916326341,0.0807051305525338,0.0864974218743551,6.659158229827881,2.9666733741760254,2,1051.0302734375,False,False
ivae_2env,1.0,2.0,22,2000,0.4330058209361234,0.4754961528740364,0.4473082206560792,0.4330058209361234,4000,2.007080078125,0.4480306531608542,0.4345065576266378,0.4473448867177925,0.0150248322247308,-0.0409895952473986,6.687822818756104,3.273477077484131,2,1049.8372802734375,False,False
ivae_2env,1.0,2.0,23,2000,0.3668793531966664,0.3674400731100169,0.4876190135420246,0.3668793531966664,4000,1.763916015625,0.4881172884407142,0.4820120037529992,0.4876668812940809,0.1212379352440478,0.1145719306429822,6.769360542297363,3.3242852687835693,2,1050.357177734375,False,False
ivae_2env,1.0,2.0,24,2000,0.4173052867805367,0.4678645799661434,0.4836595756480791,0.4173052867805367,4000,1.795654296875,0.483846717176873,0.4786423264105799,0.4836385176251435,0.0665414303963362,0.0107777464444365,6.643362045288086,3.081960439682007,2,1050.128662109375,False,False
ivae_5env,0.05,0.0,0,2000,0.9774448258008196,0.985476570369139,0.9885112731536017,,193,0.153076171875,0.9884786958803068,0.988265302066322,0.98847588790155,0.0110338700794871,0.0027887316971828,5.9579668045043945,2.8213744163513184,2,1366.6676025390625,False,False
ivae_5env,0.05,0.0,1,2000,0.8688637795438645,0.8704080908520195,0.9935065330248958,0.5259016779028928,209,0.114990234375,0.9935067757256536,0.9934025933506448,0.9934996994590212,0.1246429961817889,0.1229945024986253,6.090055465698242,2.940812826156616,2,1367.557861328125,False,False
ivae_5env,0.05,0.0,2,2000,0.7848390390055717,0.7805734103933497,0.996032164779422,,193,0.089111328125,0.9960236575614754,0.9959152199788016,0.9960242424915936,0.2111846185559036,0.2153418095854518,6.159783840179443,3.030524015426636,2,1364.739990234375,False,False
ivae_5env,0.05,0.0,3,2000,0.7572559494748254,0.7523589230897283,0.9927861703001148,0.501053376716642,210,0.122314453125,0.9927732057350652,0.9927399216849766,0.9927705796582256,0.2355172562602396,0.2403809985952483,6.035783290863037,2.9893994331359863,2,1366.32421875,False,False
ivae_5env,0.05,0.0,4,2000,0.9396499516887384,0.9434824788706162,0.9915677978895951,0.5129795733496152,210,0.129638671875,0.9915886264008484,0.99141065510266,0.9915851804647956,0.05193867471211,0.0479281762320438,6.034646034240723,2.91151762008667,2,1367.0748291015625,False,False
ivae_5env,0.05,0.0,5,2000,0.9412324014019448,0.9470975787743914,0.9916073994276406,0.5480944401106469,214,0.132568359375,0.9916085612390731,0.9914791946197952,0.9916072333410512,0.0503761598371284,0.0443816158454036,6.123271942138672,2.967609167098999,2,1367.661376953125,False,False
ivae_5env,0.05,0.0,6,2000,0.7269890511220023,0.7225844751461161,0.9957578316949306,0.5619064028203014,204,0.094482421875,0.9957424232195492,0.9953752033437973,0.9957416142303516,0.2687533720975468,0.2727907281976811,6.109797477722168,3.011676788330078,2,1362.7725830078125,False,False
ivae_5env,0.05,0.0,7,2000,0.7507598088984511,0.7454273771068418,0.9956921201571004,,187,0.092529296875,0.9957029911713348,0.9954994108748492,0.9957048144027691,0.2449431822728838,0.2500720337680073,6.063199996948242,3.0006632804870605,2,1367.5009765625,False,False
ivae_5env,0.05,0.0,8,2000,0.8447891298857184,0.844987765246938,0.993978938071134,,179,0.110595703125,0.9939848609587888,0.9936639549159852,0.9939873550660594,0.1491957310730702,0.1486761896690472,6.033152580261231,2.9386465549468994,2,1368.65869140625,False,False
ivae_5env,0.05,0.0,9,2000,0.9909449787476616,0.9966096804024164,0.9911023336609376,,185,0.136474609375,0.9911296100363882,0.9908029479507332,0.991103964278029,0.0001846312887265,-0.0058067324516829,6.105873107910156,2.909060478210449,2,1364.9046630859375,False,False
ivae_5env,0.05,0.0,10,2000,0.9849132270089924,0.9898974517243592,0.9919151784866814,0.7277993862346496,211,0.125732421875,0.991940848973636,0.9918281727070396,0.9919406056556532,0.0070276219646435,0.0019307209826804,5.989526748657227,2.901569366455078,2,1364.7801513671875,False,False
ivae_5env,0.05,0.0,11,2000,0.7528353019590253,0.7495012288753047,0.9942546223928624,,190,0.111083984375,0.9942722943248026,0.9941600597900112,0.9942719502213891,0.2414369923657773,0.2446588309147066,6.106217861175537,2.996544361114502,2,1362.8900146484375,False,False
ivae_5env,0.05,0.0,12,2000,0.7500860646863037,0.7473363803340924,0.9959698570089632,0.580113102133339,211,0.089111328125,0.995977347439066,0.9958558042139471,0.9959783862054932,0.2458912827527621,0.2485194238798547,6.055548191070557,2.9984374046325684,2,1366.4652099609375,False,False
ivae_5env,0.05,0.0,13,2000,0.989506624275822,0.994444445611108,0.9906382930291856,,171,0.137451171875,0.990654341397877,0.9902386598096612,0.9906571470967452,0.0011477171220548,-0.0042057858014467,5.899606704711914,2.8579702377319336,2,1364.301025390625,False,False
ivae_5env,0.05,0.0,14,2000,0.943101901232518,0.949690766672688,0.9930288174327054,,190,0.118408203125,0.993056972202221,0.992845142961282,0.9930549953444764,0.0499550709697028,0.0431543762885939,6.007972717285156,2.930140495300293,2,1363.1689453125,False,False
ivae_5env,0.05,0.0,15,2000,0.886629630892912,0.8928684447171078,0.9861981237466384,,200,0.167236328125,0.9862236021957268,0.985953422738352,0.9862370969192872,0.0995939713028147,0.0930849780212441,6.146653175354004,2.952369213104248,2,1368.7767333984375,False,False
ivae_5env,0.05,0.0,16,2000,0.9859225318473102,0.9948637114659242,0.9860512877308052,,189,0.168212890625,0.9860132559263156,0.9859456804864164,0.986013866713534,9.072407900545532e-05,-0.0089180309795077,6.040680885314941,2.8101747035980225,2,1368.05322265625,False,False
ivae_5env,0.05,0.0,17,2000,0.9882280403447344,0.9935399723849894,0.9905282538111294,0.6251520697690695,203,0.141357421875,0.9905625959327632,0.9903427485856834,0.9905462145128788,0.0023345555880288,-0.0031972237993059,5.967113494873047,2.869337320327759,2,1361.9281005859375,False,False
ivae_5env,0.05,0.0,18,2000,0.9728160075892932,0.9787902556975604,0.9913361770274736,0.5426548878994378,217,0.134521484375,0.9913306777440588,0.9911515015378716,0.9913121513588712,0.0185146701547658,0.0123612458403113,6.173367023468018,2.952217102050781,2,1362.791748046875,False,False
ivae_5env,0.05,0.0,19,2000,0.8138885833381341,0.8097799416949825,0.9949334166081618,0.5944121313282917,208,0.101806640625,0.9949204554875009,0.994802582700642,0.994915783024821,0.1810318721493667,0.1850226410056596,6.057314395904541,2.9885048866271973,2,1363.761474609375,False,False
ivae_5env,0.05,0.0,20,2000,0.9813614591610548,0.9862140965535204,0.9909927920473603,0.587906678746609,212,0.133056640625,0.991027532594288,0.9907621486905336,0.9909985614809372,0.0096660734332331,0.0045480521370132,5.929440498352051,2.8378026485443115,2,1361.6158447265625,False,False
ivae_5env,0.05,0.0,21,2000,0.972733198791562,0.9780218707554642,0.9908829585621746,,183,0.138427734375,0.990862375007488,0.9906518191629512,0.9908625702154076,0.0181291762159261,0.0126299484074869,6.043856620788574,2.854038953781128,2,1367.170166015625,False,False
ivae_5env,0.05,0.0,22,2000,0.9876578682271318,0.9938393604598368,0.9888488496543568,,163,0.151123046875,0.9888285814086032,0.988130046282508,0.988819368693303,0.0011707131814713,-0.0057093141773285,6.032851219177246,2.848123073577881,2,1366.5250244140625,False,False
ivae_5env,0.05,0.0,23,2000,0.8978732421828661,0.900303616575901,0.9933774685880946,0.59114390621826,209,0.114990234375,0.9933514818097487,0.9930980910245192,0.9933528804109228,0.0954782396268826,0.0927944744486183,6.070804595947266,2.991572380065918,2,1364.8524169921875,False,False
ivae_5env,0.05,0.0,24,2000,0.9903793829381377,0.9943477698369388,0.9911305067015456,,178,0.131103515625,0.9911165110565548,0.9907940926985196,0.991113083467444,0.0007371281184171,-0.0035536771384191,5.906793594360352,2.848162174224853,2,1366.788330078125,False,False
ivae_5env,0.2,0.0,0,2000,0.9813660362425524,0.9881047330261796,0.9899088448442092,0.9036173418209162,838,0.142822265625,0.9899044437022612,0.9897467391866814,0.9899041156382796,0.008538407459709,0.0016420061605018,5.975977420806885,2.848430633544922,2,1367.9300537109375,False,False
ivae_5env,0.2,0.0,1,2000,0.7904700229138766,0.7878768087191993,0.9941525420240428,0.6406292973102314,814,0.109130859375,0.9941456335762162,0.9940510397627564,0.9941403949621992,0.2036756106623396,0.2061742310435571,6.06712818145752,2.965592384338379,2,1367.151611328125,False,False
ivae_5env,0.2,0.0,2,2000,0.9066829244140544,0.9123072923268196,0.9944866679452522,0.6322060185637106,827,0.104736328125,0.9944968907124764,0.994409398102346,0.994496663802552,0.087813966298422,0.0821021057755262,6.155782699584961,2.998534679412842,2,1364.611083984375,False,False
ivae_5env,0.2,0.0,3,2000,0.8109124930361519,0.8067939389484816,0.9951196261121162,0.634273605563783,798,0.100341796875,0.9951132992155804,0.995063423015852,0.9951131964120892,0.1842008061794285,0.1882694840673703,6.082309722900391,3.0010881423950195,2,1366.343017578125,False,False
ivae_5env,0.2,0.0,4,2000,0.934134493123069,0.9366114916528694,0.9930006107320468,0.6589634746953384,797,0.117919921875,0.992993701740828,0.9928658099664488,0.9929922668045932,0.0588592086177591,0.0562543183135793,6.003979682922363,2.905224800109864,2,1366.0765380859375,False,False
ivae_5env,0.2,0.0,5,2000,0.8986970747978751,0.9026135189033762,0.9924912565232747,0.6646289417393277,777,0.125732421875,0.992483974524936,0.9923216143304,0.9924829295681704,0.0937868997270607,0.0897080954270237,6.091240882873535,2.9925107955932617,2,1367.6846923828125,False,False
ivae_5env,0.2,0.0,6,2000,0.79951248763008,0.7995394833848679,0.995867168717957,0.5902362794121461,819,0.093017578125,0.9958624787567704,0.9955209966302454,0.9958619878966448,0.1963499911266905,0.1959815132453775,6.057751655578613,2.9643542766571045,2,1362.3837890625,False,False
ivae_5env,0.2,0.0,7,2000,0.7128945146251142,0.7040873495218347,0.9958200720618108,0.6138245935364816,802,0.091064453125,0.9958215094112964,0.99563233340808,0.9958219541457756,0.2829269947861823,0.2915449838862451,6.036199569702148,3.003345966339112,2,1368.1939697265625,False,False
ivae_5env,0.2,0.0,8,2000,0.892444260084087,0.8935247893811942,0.992839980860536,0.6423675090476038,769,0.120849609375,0.9928422667461902,0.9924870118717494,0.9928459704419474,0.1003980066621033,0.0989622224905552,6.025861740112305,2.935257911682129,2,1368.6094970703125,False,False
ivae_5env,0.2,0.0,9,2000,0.9911343359976732,0.9963779670944882,0.991463268920832,0.9894556606445692,774,0.134033203125,0.9914753342105752,0.9910318465079582,0.9914422370262346,0.0003409982129017,-0.00534612058653,6.088718414306641,2.9059395790100098,2,1365.0174560546875,False,False
ivae_5env,0.2,0.0,10,2000,0.9893674146832216,0.9936875956718954,0.9917156720143744,0.918637732088614,818,0.127197265625,0.9917287640574146,0.9916305011576216,0.9917312267491538,0.002361349374193,-0.0020570945142737,5.979235649108887,2.8898441791534424,2,1365.146728515625,False,False
ivae_5env,0.2,0.0,11,2000,0.7350009957490151,0.725210838552707,0.9946669914779374,0.5501020154237175,776,0.107177734375,0.9946693431805306,0.994527928131978,0.994668906265259,0.2596683474315154,0.2693170895792711,6.1206817626953125,3.0262973308563232,2,1362.926025390625,False,False
ivae_5env,0.2,0.0,12,2000,0.7064674766060888,0.701472246618059,0.996151570466228,0.5545439327077095,807,0.087158203125,0.9961499324552096,0.9960052395013064,0.9961512415568984,0.2896824558491209,0.2945329928832474,6.056962013244629,3.020787715911865,2,1367.0528564453125,False,False
ivae_5env,0.2,0.0,13,2000,0.9895364978474932,0.9954783628695872,0.98971085637588,0.9767461537037174,788,0.144287109375,0.9897292119918908,0.9893252578313108,0.9897338758928612,0.0001927141443975,-0.0061531050382763,5.950956344604492,2.857695341110229,2,1365.699462890625,False,False
ivae_5env,0.2,0.0,14,2000,0.974058109625623,0.9793388028346972,0.992582995493468,0.8167038847700255,818,0.122802734375,0.992578579219049,0.9923042083260484,0.9925801995330412,0.018520469593426,0.0129654054913511,5.986863136291504,2.9006733894348145,2,1364.0189208984375,False,False
ivae_5env,0.2,0.0,15,2000,0.83192494960276,0.832609380402342,0.9888340143367654,0.6190785124572833,808,0.151123046875,0.9887953252030448,0.9885211856302928,0.9888012563292946,0.1568703756002848,0.1559118052279507,6.0952653884887695,2.970155477523804,2,1368.3433837890625,False,False
ivae_5env,0.2,0.0,16,2000,0.984541799036557,0.9934749106187242,0.9847336368121136,0.9595154816546976,817,0.176025390625,0.9847436598081198,0.9847887654471876,0.9847433393475764,0.0002018607715628,-0.0086861451715365,6.057964324951172,2.809326410293579,2,1369.626953125,False,False
ivae_5env,0.2,0.0,17,2000,0.9863971032153692,0.9931173967793452,0.9894688733900284,0.9234922444424868,780,0.149169921875,0.9895144066625678,0.989301186575293,0.98949978609033,0.0031173034471987,-0.0038162102040522,5.979408264160156,2.8701250553131104,2,1361.27734375,False,False
ivae_5env,0.2,0.0,18,2000,0.9684989815725856,0.974007353751835,0.992554076677462,0.7679187570016226,828,0.123779296875,0.9926034131503392,0.9924956578739113,0.9925830330626062,0.0241044315777535,0.0184883041220761,6.188179016113281,2.977736234664917,2,1363.2099609375,False,False
ivae_5env,0.2,0.0,19,2000,0.7175057976340296,0.7080129315032302,0.9949529743227464,0.6336790189420412,818,0.101806640625,0.9949469082993996,0.9948272262068028,0.9949429684450192,0.27744111066537,0.2868142947035725,6.042317390441895,3.0201408863067627,2,1364.1866455078125,False,False
ivae_5env,0.2,0.0,20,2000,0.9899635958481948,0.9957696434424071,0.9904597170290836,0.988204746690574,817,0.137451171875,0.9904613678246256,0.9901759395439812,0.9904314144515628,0.0004977719764309,-0.005593703898426,5.962425708770752,2.8743374347686768,2,1361.7591552734375,False,False
ivae_5env,0.2,0.0,21,2000,0.9312771602336842,0.9369814569953608,0.9909569225053376,0.6802225430356563,783,0.137451171875,0.9909642297610712,0.9906667696666888,0.9909653396692288,0.059687069527387,0.0536853126713279,6.092853546142578,2.886431932449341,2,1366.7222900390625,False,False
ivae_5env,0.2,0.0,22,2000,0.9856346825228296,0.989893957473486,0.9905131052940044,0.8916892580210493,741,0.138916015625,0.9905488946634518,0.9898902007225464,0.990542704683744,0.0049142121406222,-3.756750939332143e-06,6.030319213867188,2.8434765338897705,2,1366.13623046875,False,False
ivae_5env,0.2,0.0,23,2000,0.7822191227287865,0.7800560205140025,0.9902561151901276,0.5591662007701315,795,0.139892578125,0.9902454835828652,0.989832262458062,0.990253851149532,0.2080263608540788,0.2097762419440595,6.054876327514648,3.0123560428619385,2,1364.74658203125,False,False
ivae_5env,0.2,0.0,24,2000,0.7206028098005046,0.7066013636503384,0.9965757703340876,0.5591497061600167,809,0.080810546875,0.996585745948562,0.9964214858553676,0.9965848225164322,0.2759829361480574,0.2898201222050293,5.969954490661621,2.960580587387085,2,1367.0316162109375,False,False
ivae_5env,0.4,0.0,0,2000,0.9597099011097204,0.9721223227805772,0.9775224834049544,0.8905062210403549,1601,0.215576171875,0.9775543382136066,0.9773691163422756,0.977557385378558,0.017844437103886,0.0052467935616983,6.0286970138549805,2.8013803958892822,2,1365.7757568359375,False,False
ivae_5env,0.4,0.0,1,2000,0.7196948004122745,0.7083409215852279,0.9946122665146904,0.6500283680749532,1614,0.104736328125,0.9946333889102688,0.9945194561298604,0.9946170671391252,0.2749385884979942,0.2861785345446324,6.065610885620117,2.996807336807251,2,1366.318603515625,False,False
ivae_5env,0.4,0.0,2,2000,0.9765676298811578,0.9822457135614246,0.9918251782533908,0.9326392132450968,1636,0.127685546875,0.9918430311251958,0.9918921829730424,0.991848853749494,0.015275401244038,0.0096464694116176,6.106236457824707,2.9358928203582764,2,1365.7115478515625,False,False
ivae_5env,0.4,0.0,3,2000,0.7304215731744272,0.7243684548421112,0.9954837925952736,0.6298483297593451,1584,0.097412109375,0.9954667314879212,0.9953275723318896,0.9954665785691728,0.2650451583134939,0.2709591174897783,6.02592134475708,3.006446361541748,2,1367.44287109375,False,False
ivae_5env,0.4,0.0,4,2000,0.9113965733444486,0.9125959718989898,0.9937480505461784,0.7756692837359215,1601,0.111083984375,0.9937632867958603,0.9936623101655736,0.9937592666282066,0.0823667134514117,0.0810663382665839,5.991345882415772,2.909384727478028,2,1366.31884765625,False,False
ivae_5env,0.4,0.0,5,2000,0.9429323457141944,0.9482908125726996,0.9919850553540086,0.8512345198394218,1535,0.130126953125,0.9919645209600058,0.9917067656766876,0.9919640265969512,0.0490321752458113,0.043415953103988,6.085504531860352,2.950901746749878,2,1366.648193359375,False,False
ivae_5env,0.4,0.0,6,2000,0.8017761978289464,0.8026226584056618,0.995801496891796,0.6849655123209832,1628,0.093505859375,0.9958179405412112,0.9954905271226282,0.995815765797799,0.1940417427122647,0.1928678687169663,6.008893966674805,2.956907033920288,2,1363.218017578125,False,False
ivae_5env,0.4,0.0,7,2000,0.8332885738724061,0.8315505473876341,0.9943731505127108,0.707234255421375,1579,0.105712890625,0.9943697689171912,0.9940935722733896,0.9943719673077268,0.161081195044785,0.1625430248857554,6.06419849395752,2.979426383972168,2,1366.7686767578125,False,False
ivae_5env,0.4,0.0,8,2000,0.9901569627537392,0.9944835888708936,0.9903396669185676,0.988331176007578,1599,0.140869140625,0.9903124940094182,0.9899205194801262,0.9903134358357074,0.0001555312556789,-0.0045630693907674,5.905234336853027,2.883732318878174,2,1369.292236328125,False,False
ivae_5env,0.4,0.0,9,2000,0.9888162011730156,0.9932866035716472,0.9913986384489716,0.9717920939469268,1575,0.134033203125,0.9914015611063928,0.991013998003496,0.9913928398278882,0.0025853599333771,-0.0022726055681514,6.138156890869141,2.90288519859314,2,1364.5369873046875,False,False
ivae_5env,0.4,0.0,10,2000,0.9825576054785736,0.9880955402738814,0.9911377687931058,0.9660221996109112,1594,0.132080078125,0.9911542123912218,0.991000062250012,0.99114690589701,0.0085966069126481,0.0029045219761305,5.949637413024902,2.89516019821167,2,1365.545166015625,False,False
ivae_5env,0.4,0.0,11,2000,0.7276953219416396,0.7218925122231253,0.9946241711193372,0.6167235652525376,1581,0.107666015625,0.9946428379278354,0.9945206838801672,0.9946420487507373,0.2669475159861958,0.2726281716570419,6.122472763061523,3.002546787261963,2,1362.576904296875,False,False
ivae_5env,0.4,0.0,12,2000,0.7373572664815449,0.7246480151620012,0.9961640720531872,0.6476936743617613,1645,0.087158203125,0.9961569482424868,0.9960315037578722,0.9961570633270308,0.2587996817609419,0.271383488595871,6.044912338256836,3.0215413570404053,2,1368.1419677734375,False,False
ivae_5env,0.4,0.0,13,2000,0.9882326442617142,0.9942499833124924,0.990513240380732,0.9834946777764172,1591,0.138427734375,0.9905015445711426,0.9901742595435612,0.9905051226588366,0.0022689003094283,-0.004075723768931,5.953658580780029,2.866879463195801,2,1365.6217041015625,False,False
ivae_5env,0.4,0.0,14,2000,0.9844206633918776,0.988704626676153,0.9930013391824972,0.9586475920456188,1653,0.119384765625,0.9930049055244982,0.992739382434842,0.9930022522892225,0.0085842421326204,0.004034755758689,5.972978115081787,2.886286735534668,2,1364.4801025390625,False,False
ivae_5env,0.4,0.0,15,2000,0.8798680284097983,0.8883223463305833,0.983576180575532,0.7733302441256492,1650,0.183349609375,0.9835719215431352,0.9832544608136116,0.9835709028626092,0.103703893133337,0.0949321144830284,6.156306266784668,2.9673514366149902,2,1368.6204833984375,False,False
ivae_5env,0.4,0.0,16,2000,0.986493657711797,0.9940592155148004,0.9873314858849268,0.979381419558008,1631,0.160888671875,0.9873696792992972,0.9873147000786716,0.987363607313938,0.0008760215875002,-0.0067445154361289,6.092236518859863,2.843261241912842,2,1369.9356689453125,False,False
ivae_5env,0.4,0.0,17,2000,0.9880099066800104,0.9941188375297056,0.9898989357682748,0.98900827963032,1541,0.146728515625,0.9898786586427322,0.9895520556380102,0.9898683728623564,0.0018687519627217,-0.0045667818916954,5.988655090332031,2.865591049194336,2,1360.400390625,False,False
ivae_5env,0.4,0.0,18,2000,0.8930515287303962,0.8948034002008468,0.9936595582801464,0.7731251754554878,1636,0.114501953125,0.9936729658221776,0.9935296591324112,0.993657379197338,0.1006214370917812,0.0987262589315643,6.201664924621582,3.0304172039031982,2,1363.6549072265625,False,False
ivae_5env,0.4,0.0,19,2000,0.8080028460934482,0.8045214616303624,0.9948998512166451,0.7025137945951955,1590,0.102294921875,0.9949234900732083,0.9947546831886672,0.9949222054430212,0.1869206439797601,0.1902332215583048,6.089599132537842,3.013475179672241,2,1364.134765625,False,False
ivae_5env,0.4,0.0,20,2000,0.990121370368566,0.9955414108853492,0.990787149403094,0.9869420614555096,1605,0.135009765625,0.9908102443407736,0.9905091233772771,0.9907927783560349,0.0006888739722075,-0.0050322875080721,6.001035213470459,2.874496936798096,2,1360.383544921875,False,False
ivae_5env,0.4,0.0,21,2000,0.9673768005166264,0.9730014752503656,0.9909914363567592,0.8909862558551436,1602,0.137939453125,0.9909874726909182,0.9906372676593134,0.9909903035741964,0.0236106721742919,0.0176357924089478,6.122482299804688,2.8821587562561035,2,1367.357666015625,False,False
ivae_5env,0.4,0.0,22,2000,0.9808177787114036,0.984683718920926,0.99115325388685,0.9404567679081008,1573,0.134521484375,0.991138820406041,0.9904892146223,0.9911257259275528,0.0103210416946374,0.005805495701374,6.042104721069336,2.8636584281921387,2,1367.5091552734375,False,False
ivae_5env,0.4,0.0,23,2000,0.7044526179722919,0.6939723234930784,0.9906322244691566,0.6309671666428105,1595,0.136962890625,0.9906410217154984,0.9902967233241772,0.9906446140329156,0.2861884037432066,0.2963243998310988,6.071128845214844,2.97894549369812,2,1365.613525390625,False,False
ivae_5env,0.4,0.0,24,2000,0.882360870470483,0.8853091598272866,0.9937961367555994,0.7438199833030418,1652,0.108642578125,0.9938141209999054,0.9936188986547212,0.993812293269351,0.1114532505294224,0.1083097388274345,6.029053688049316,2.931314706802368,2,1367.1910400390625,False,False
ivae_5env,0.6,0.0,0,2000,0.980337040252904,0.9913435000858716,0.9806169208455318,0.980134592030488,2400,0.200439453125,0.9806320710291884,0.9803974768493654,0.9806298159749888,0.0002950307762845,-0.010946023236506,5.982760429382324,2.767855167388916,2,1366.2620849609375,False,False
ivae_5env,0.6,0.0,1,2000,0.8229031866264076,0.8244075508518847,0.9938092155365296,0.7725831059937429,2427,0.112548828125,0.9938206489670678,0.993651366162838,0.9938022033290967,0.1709174623406602,0.1692438153109532,6.096977233886719,2.963250160217285,2,1366.6981201171875,False,False
ivae_5env,0.6,0.0,2,2000,0.9912926365275244,0.9957439086859734,0.9913152708357869,0.995147252000844,2401,0.132080078125,0.9913050011556754,0.9913690368422556,0.9913179810577162,1.2364628150907109e-05,-0.0043748718437176,6.026371955871582,2.9005579948425293,2,1365.5384521484375,False,False
ivae_5env,0.6,0.0,3,2000,0.9899831900009176,0.9919253284813284,0.9904899032498352,0.9912905145438414,2385,0.142333984375,0.990475794621614,0.9902745360686304,0.9904599805846632,0.0004926046206965,-0.001650792412698,5.97227144241333,2.8712470531463623,2,1367.888916015625,False,False
ivae_5env,0.6,0.0,4,2000,0.928523236088618,0.9317539009384715,0.9926481458708424,0.8656190523690405,2387,0.121337890625,0.9926383152633363,0.9924604003650964,0.9926241200348132,0.0641150791747183,0.0607064994266246,6.022592544555664,2.9361417293548584,2,1364.919921875,False,False
ivae_5env,0.6,0.0,5,2000,0.97382359938954,0.980089674522415,0.9907893224671368,0.9626562632828316,2373,0.138916015625,0.99076002881077,0.9905945221486268,0.9907606791225532,0.01693642942123,0.0105048476262117,6.040912628173828,2.9024455547332764,2,1367.32666015625,False,False
ivae_5env,0.6,0.0,6,2000,0.8530584690324448,0.8537164646791131,0.9944123041301022,0.7958705892374094,2449,0.108154296875,0.9943961959706348,0.9940077820019416,0.9943955682631048,0.1413377269381901,0.1402913173228286,6.023255348205566,2.9305613040924072,2,1364.0386962890625,False,False
ivae_5env,0.6,0.0,7,2000,0.8581766481199058,0.857498796624696,0.9940307775542988,0.788847592279743,2338,0.108642578125,0.9940512857536568,0.9936572844143176,0.9940498052202882,0.1358746376337509,0.1361584877896215,6.072135925292969,2.968204498291016,2,1364.7603759765625,False,False
ivae_5env,0.6,0.0,8,2000,0.9310963814789356,0.9342066835516676,0.9921628887971212,0.8753040072425946,2470,0.127197265625,0.9921819980143616,0.9918373542093348,0.9921831523719312,0.0610856165354258,0.0576306706576671,5.961360454559326,2.862934112548828,2,1370.175048828125,False,False
ivae_5env,0.6,0.0,9,2000,0.989639845578976,0.9947276089318984,0.9906491903276946,0.989764134457267,2394,0.138916015625,0.990653560196607,0.9903579435894824,0.9906501902043936,0.0010137146176311,-0.0043696653424162,6.084913730621338,2.8921616077423096,2,1365.18603515625,False,False
ivae_5env,0.6,0.0,10,2000,0.9916792010341824,0.9952861325715296,0.9921675234512368,0.9957798098780564,2415,0.124267578125,0.9921857987692768,0.99204249501062,0.9921748144221344,0.0005065977350942,-0.0032436375609093,5.963280200958252,2.880462884902954,2,1365.8277587890625,False,False
ivae_5env,0.6,0.0,11,2000,0.7058324591863608,0.6918346077086494,0.9944219112801478,0.663447712143144,2365,0.109619140625,0.9944298201252796,0.9942884080720984,0.9944293898007178,0.2885973609389188,0.3024538003634489,6.097087383270264,3.012989282608032,2,1362.818603515625,False,False
ivae_5env,0.6,0.0,12,2000,0.7446631259422449,0.7315592316398053,0.9963268959587792,0.7028431041042049,2432,0.085205078125,0.996332068002525,0.996230470557614,0.9963319599467532,0.2516689420602801,0.2646712389178087,6.027669906616211,3.009719133377075,2,1368.61279296875,False,False
ivae_5env,0.6,0.0,13,2000,0.989860680102835,0.9951501417875318,0.990482274198673,0.99241494681176,2389,0.138427734375,0.9904580225217514,0.9901602105400488,0.9904569330591616,0.0005973424189164,-0.0049899312474829,5.9596357345581055,2.8647453784942627,2,1364.7728271484375,False,False
ivae_5env,0.6,0.0,14,2000,0.9870225525631208,0.9903929618482368,0.992211010822878,0.9807437209043744,2420,0.126220703125,0.9922255220794104,0.9919049637262374,0.9922220188455816,0.0052029695162897,0.0015120018780006,6.038938522338867,2.898566961288452,2,1363.76904296875,False,False
ivae_5env,0.6,0.0,15,2000,0.8966197864525891,0.9016570076642484,0.9887189298075698,0.8531652108885731,2479,0.151611328125,0.9886929993090796,0.9885001383750308,0.988691209644052,0.0920732128564905,0.0868431307107824,6.127108097076416,2.95656681060791,2,1369.93798828125,False,False
ivae_5env,0.6,0.0,16,2000,0.9893708751860752,0.9960007260001776,0.9898682491705306,0.9937621806148126,2408,0.143310546875,0.989879667485604,0.9897753734438396,0.9898573623065088,0.0005087922995288,-0.006225352556338,6.024643421173096,2.846982479095459,2,1369.291748046875,False,False
ivae_5env,0.6,0.0,17,2000,0.9887682863249064,0.9950257392564312,0.989958363506523,0.990953423737066,2362,0.146240234375,0.9899609522992496,0.9897412529353096,0.9899462186132028,0.001192665974343,-0.0052844863211216,5.954673767089844,2.873132467269897,2,1360.7015380859375,False,False
ivae_5env,0.6,0.0,18,2000,0.9738988652296442,0.9807308069326984,0.990925167925364,0.9586887330979386,2394,0.136962890625,0.9909707653507844,0.990783951195984,0.9909480119138868,0.0170719001211402,0.0100531442632856,6.139444828033447,2.9439053535461426,2,1362.41357421875,False,False
ivae_5env,0.6,0.0,19,2000,0.8528355512360879,0.8546960766740161,0.9944286799288868,0.8152677072698375,2440,0.108154296875,0.9944067645168936,0.9941716292929038,0.9944039554028424,0.1415712132808055,0.1394755526188876,6.08375358581543,2.982663154602051,2,1365.3797607421875,False,False
ivae_5env,0.6,0.0,20,2000,0.9899832206235292,0.9957916499479088,0.9900157088865736,0.9953902784011798,2350,0.140869140625,0.9900294895078796,0.9896447076611734,0.990006694397688,4.626888435022014e-05,-0.0061469422867355,5.994658470153809,2.87058973312378,2,1358.280517578125,False,False
ivae_5env,0.6,0.0,21,2000,0.9849132435263784,0.9903460208365018,0.9907352817960984,0.9755069344616094,2390,0.139892578125,0.9907416403967684,0.9902742578185608,0.990747912655384,0.0058283968703898,-7.176301794087347e-05,6.0576276779174805,2.853468656539917,2,1365.884521484375,False,False
ivae_5env,0.6,0.0,22,2000,0.9883472061205956,0.9926040921510192,0.991334263207712,0.9842438956193332,2398,0.132568359375,0.9913500404868,0.9907614331903548,0.9913406288866063,0.0030028343662042,-0.0018426589606646,6.01530647277832,2.8503880500793457,2,1367.5411376953125,False,False
ivae_5env,0.6,0.0,23,2000,0.8563554789166596,0.8564863413715822,0.9934944902420788,0.8047042286241877,2402,0.114013671875,0.993474737365838,0.9931886722971646,0.9934747676782412,0.1371192584491785,0.1367023309255823,6.065887451171875,3.0104355812072754,2,1365.4327392578125,False,False
ivae_5env,0.6,0.0,24,2000,0.8616792015426393,0.8628182899545691,0.9955739425127548,0.8009746145762152,2430,0.092041015625,0.9955566953411426,0.9954000005999966,0.9955565901061963,0.1338774937985032,0.1325817106454274,5.965673446655273,2.9010159969329834,2,1366.3177490234375,False,False
ivae_5env,0.8,0.0,0,2000,0.985021835061281,0.9918326352081552,0.9897030498007644,0.9877446880044471,3172,0.144775390625,0.989683108291112,0.989484314871075,0.9896800507032476,0.0046612732298308,-0.0023483203370802,5.941322326660156,2.814412832260132,2,1365.8544921875,False,False
ivae_5env,0.8,0.0,1,2000,0.886093862464013,0.8914355288588792,0.9928109767675126,0.8753515395618757,3230,0.121826171875,0.9928070923670996,0.992542910135724,0.9927957375704244,0.1067132299030865,0.1011073812768447,6.075187683105469,2.930133819580078,2,1366.24609375,False,False
ivae_5env,0.8,0.0,2,2000,0.8763998288443529,0.8791455105363746,0.9945295391136514,0.8615116469594383,3183,0.104736328125,0.9945071646017356,0.9944586048646477,0.994513182018084,0.1181073357573828,0.1153130943282729,6.123091697692871,2.978655338287353,2,1365.2750244140625,False,False
ivae_5env,0.8,0.0,3,2000,0.9793513253916778,0.9804082363520557,0.9937629547585248,0.9738745858746044,3171,0.114013671875,0.9937813512398256,0.9936667291666784,0.9937821762518476,0.0144300258481476,0.0132584928146227,6.037151336669922,2.883376359939575,2,1367.2706298828125,False,False
ivae_5env,0.8,0.0,4,2000,0.9497508480983846,0.9558780919695196,0.9916386971859392,0.9377534130382468,3178,0.129150390625,0.9916539791396636,0.9914168966042204,0.9916424137859108,0.0419031310412788,0.0355388046347009,6.012927055358887,2.884169101715088,2,1364.27001953125,False,False
ivae_5env,0.8,0.0,5,2000,0.96554275981465,0.9721039080259736,0.9911480733440368,0.9638720368990414,3185,0.135986328125,0.9911500790628704,0.9910295740073898,0.9911491744213214,0.0256073192482204,0.018925665981416,6.048151969909668,2.9027774333953857,2,1366.009521484375,False,False
ivae_5env,0.8,0.0,6,2000,0.8507780546728372,0.8526330736582652,0.9950850759488936,0.8347442982029722,3222,0.101806640625,0.9950768242562062,0.9946890874222682,0.9950806383643154,0.144298769583369,0.142056013764003,6.048394203186035,2.9523887634277344,2,1364.6318359375,False,False
ivae_5env,0.8,0.0,7,2000,0.9077483861771676,0.9088272217068022,0.9929972971148422,0.88881543086562,3183,0.117919921875,0.9929768934033713,0.9926371949092953,0.992973767469525,0.0852285072262035,0.0838099732024929,6.0964555740356445,2.952662706375122,2,1366.3858642578125,False,False
ivae_5env,0.8,0.0,8,2000,0.9193525498902324,0.9215816311454044,0.9939774867079076,0.9008715685381764,3266,0.111572265625,0.9939720990445928,0.9936473139118248,0.9939689063993392,0.0746195491543605,0.0720656827664204,5.963967323303223,2.903562307357788,2,1370.8602294921875,False,False
ivae_5env,0.8,0.0,9,2000,0.9837332064609936,0.9883305543326348,0.9907484508662924,0.9822175566634104,3196,0.138916015625,0.9907548239801112,0.9904725136181248,0.9907569541254564,0.0070216175191175,0.0021419592854899,6.105870246887207,2.892146110534668,2,1365.5906982421875,False,False
ivae_5env,0.8,0.0,10,2000,0.9923291194280006,0.9952082533020596,0.9929815465829104,0.994362498532947,3239,0.117431640625,0.9930020566015212,0.9928703264675778,0.9929982084550878,0.0006729371735205,-0.0023379268344818,5.97836971282959,2.911855459213257,2,1368.1851806640625,False,False
ivae_5env,0.8,0.0,11,2000,0.7844884650103474,0.782065906266474,0.9948270587905308,0.7703830845833213,3215,0.105712890625,0.9948144436304608,0.9947384059345976,0.994814099709998,0.2103259786201134,0.2126724996681237,6.125979423522949,2.980452537536621,2,1364.7919921875,False,False
ivae_5env,0.8,0.0,12,2000,0.8869594592084404,0.8898467577116862,0.9946365114900382,0.8733750858628513,3199,0.103271484375,0.9946340192906222,0.994508350127084,0.9946340780671294,0.1076745600821817,0.1046615924153977,6.026445388793945,2.923915386199951,2,1366.90625,False,False
ivae_5env,0.8,0.0,13,2000,0.9904898984270089,0.9961160535290096,0.990997206795548,0.9938444269410572,3212,0.134033203125,0.9909673511801927,0.990684350421084,0.9909701829978352,0.000477452753184,-0.0054317031079257,5.937189102172852,2.852104425430298,2,1365.4171142578125,False,False
ivae_5env,0.8,0.0,14,2000,0.9918278540397388,0.9958053284513284,0.992062010285062,0.9952335490044908,3190,0.127197265625,0.9920822165323712,0.9918236157059004,0.992083903591718,0.0002543624926322,-0.003981712745428,6.023772716522217,2.90874981880188,2,1363.328857421875,False,False
ivae_5env,0.8,0.0,15,2000,0.9719567341376,0.9810072712518142,0.9866206084470558,0.9724990382701304,3204,0.165283203125,0.9865799734008128,0.9861652122912996,0.98659265151453,0.0146232392632126,0.0051579410394854,6.110658645629883,2.8958287239074707,2,1367.469482421875,False,False
ivae_5env,0.8,0.0,16,2000,0.98767411637536,0.9930895237723774,0.9902040939543304,0.9886023960871528,3200,0.141845703125,0.9901764304177948,0.9900237705059391,0.9901725200645464,0.0025023140424347,-0.0030657532664382,6.007740020751953,2.8496546745300293,2,1370.35546875,False,False
ivae_5env,0.8,0.0,17,2000,0.9897128865593792,0.9947766679441632,0.9911974502866784,0.9918660243409984,3211,0.136962890625,0.9912120551375758,0.9910380722595143,0.99121068755596,0.0014991685781966,-0.0037385956846487,5.976784706115723,2.8791422843933105,2,1362.6602783203125,False,False
ivae_5env,0.8,0.0,18,2000,0.9827215101442388,0.9893259005814716,0.9911874257769308,0.983751229013604,3185,0.135009765625,0.991179063661106,0.9909676202419015,0.991163979580208,0.0084575535168671,0.00164171966043,6.132672309875488,2.934373378753662,2,1362.5653076171875,False,False
ivae_5env,0.8,0.0,19,2000,0.8075429553142603,0.808044283761068,0.994525008272896,0.7936343095065586,3204,0.106689453125,0.9945490436709834,0.9943076050768976,0.9945484805701252,0.187006088356723,0.1862633213158298,6.018101692199707,2.975823163986206,2,1364.1346435546875,False,False
ivae_5env,0.8,0.0,20,2000,0.9900733209239536,0.9954134773533656,0.9906538452620322,0.9931765315052752,3180,0.136474609375,0.9906684731095962,0.9903735773433908,0.9906488748292972,0.0005951521856424,-0.0050399000099746,5.9515533447265625,2.8426034450531006,2,1359.9384765625,False,False
ivae_5env,0.8,0.0,21,2000,0.9818547346064596,0.9871758885439684,0.9912184907393524,0.9795320508353862,3194,0.135986328125,0.9912169883705348,0.9909529217382268,0.9912150663385472,0.0093622537640751,0.0037770331942582,6.113613605499268,2.879310131072998,2,1366.108642578125,False,False
ivae_5env,0.8,0.0,22,2000,0.9858394135426268,0.9908889294722284,0.9904721352682146,0.98628731882584,3184,0.138916015625,0.9904893227301332,0.989888942972232,0.9904812034590342,0.0046499091875062,-0.0009999864999964,6.059043884277344,2.8545992374420166,2,1366.804443359375,False,False
ivae_5env,0.8,0.0,23,2000,0.941077806540271,0.9455194366298556,0.9922407362168086,0.9328740192018288,3217,0.124267578125,0.9922251281704196,0.9920073777518406,0.992227157838648,0.0511473216301485,0.0464879411219848,6.084478378295898,2.922154188156128,2,1365.7900390625,False,False
ivae_5env,0.8,0.0,24,2000,0.9679575751801336,0.9717796476949084,0.9925155151924506,0.9597902112338026,3216,0.119873046875,0.9925258596229192,0.9923127118281744,0.99252620421526,0.0245682844427855,0.0205330641332659,5.946402549743652,2.861311912536621,2,1367.0948486328125,False,False
ivae_5env,1.0,0.0,0,2000,0.909321574114125,0.9245813183953262,0.961176549116245,0.909321574114125,4000,0.289306640625,0.9611194485176108,0.9611678957919704,0.9611195736311132,0.0517978744034858,0.036586577396644,6.038243770599365,2.792964458465576,2,1366.7232666015625,False,False
ivae_5env,1.0,0.0,1,2000,0.8466753005928134,0.8473720645930128,0.9935359085684368,0.8466753005928134,4000,0.114501953125,0.9935402662508248,0.9933793763448404,0.9935350362216114,0.1468649656580113,0.1460073117518276,6.09687089920044,2.959983587265014,2,1365.2669677734375,False,False
ivae_5env,1.0,0.0,2,2000,0.8782441242671635,0.8809800402450068,0.994003914764339,0.8782441242671635,4000,0.110107421875,0.9940038488207534,0.993805791201444,0.9940076812731616,0.1157597245535899,0.1128257509564373,6.116307735443115,2.9902193546295166,2,1363.9874267578125,False,False
ivae_5env,1.0,0.0,3,2000,0.9606504604194648,0.9640060945015202,0.9937010680369184,0.9606504604194648,4000,0.114990234375,0.993707001430152,0.993541686885418,0.9937064971579312,0.0330565410106873,0.0295355923838979,5.951949119567871,2.8614001274108887,2,1365.72314453125,False,False
ivae_5env,1.0,0.0,4,2000,0.928229635062179,0.9318412737103152,0.9936763695420484,0.928229635062179,4000,0.111572265625,0.9936795810682876,0.9934645846161424,0.9936760440026816,0.0654499460061086,0.0616233109058274,6.027767658233643,2.924962520599365,2,1365.191650390625,False,False
ivae_5env,1.0,0.0,5,2000,0.9848785631788728,0.9917042089260488,0.990352806427328,0.9848785631788728,4000,0.141357421875,0.9903610015130218,0.9902515958128952,0.9903503333198828,0.0054824383341489,-0.0014526131131535,6.041585922241211,2.907100439071656,2,1365.81396484375,False,False
ivae_5env,1.0,0.0,6,2000,0.9111557255448984,0.912719321429827,0.9937985717254548,0.9111557255448984,4000,0.114501953125,0.9937924975464736,0.9933144398286062,0.9937984305464844,0.0826367720015753,0.0805951183987792,5.999122619628906,2.9254064559936523,2,1365.6650390625,False,False
ivae_5env,1.0,0.0,7,2000,0.860476397977689,0.8610417120104248,0.9940081673788989,0.860476397977689,4000,0.108154296875,0.994023335988946,0.993823269205814,0.9940228758555364,0.1335469380112569,0.1327815571953891,6.033574104309082,2.956996202468872,2,1366.7646484375,False,False
ivae_5env,1.0,0.0,8,2000,0.9704663088720245,0.9730679162669754,0.9930767329574756,0.9704663088720245,4000,0.119384765625,0.9930628502303712,0.9927011706752892,0.9930627921695224,0.0225965413583466,0.0196332544083138,5.977899551391602,2.911655902862549,2,1369.9862060546875,False,False
ivae_5env,1.0,0.0,9,2000,0.8753751898385072,0.8818101389525317,0.9893213229149688,0.8753751898385072,4000,0.149658203125,0.9893291292827688,0.9889763952440952,0.9893220278206208,0.1139539394442616,0.1071662562915634,6.150021553039551,2.9917495250701904,2,1365.536376953125,False,False
ivae_5env,1.0,0.0,10,2000,0.9911874440372443,0.9954987936246948,0.9913940238017318,0.9911874440372443,4000,0.131103515625,0.9913940022793628,0.9912280120569992,0.9913901127928682,0.0002065582421183,-0.0042707815676956,5.985081672668457,2.886598587036133,2,1367.1820068359375,False,False
ivae_5env,1.0,0.0,11,2000,0.7237946470278521,0.7105575261393788,0.9949059021994936,0.7237946470278521,4000,0.104736328125,0.9949146657045462,0.994823077955766,0.9949072715511564,0.2711200186766941,0.284265551816387,6.162572383880615,3.055161237716675,2,1364.39404296875,False,False
ivae_5env,1.0,0.0,12,2000,0.9690512962119282,0.9737887676971884,0.992775160564398,0.9690512962119282,4000,0.119384765625,0.99279974571367,0.9926370674092632,0.9928014762498956,0.0237484495017417,0.0188482997120748,5.986504554748535,2.881525039672852,2,1367.7703857421875,False,False
ivae_5env,1.0,0.0,13,2000,0.9911553046668728,0.9958566839641674,0.9915771443825494,0.9911553046668728,4000,0.129638671875,0.991545674167331,0.9912701613175364,0.991549333044908,0.0003903695004581,-0.0045865226466308,5.986271858215332,2.881920099258423,2,1365.1064453125,False,False
ivae_5env,1.0,0.0,14,2000,0.9816746703125284,0.985346234586555,0.992744613767058,0.9816746703125284,4000,0.121337890625,0.9927195468836836,0.9924919821229918,0.992725492904982,0.0110448765711551,0.0071457475364368,6.046584129333496,2.9016706943511963,2,1362.781005859375,False,False
ivae_5env,1.0,0.0,15,2000,0.9051320886837244,0.9098341809585418,0.9868866031431518,0.9051320886837244,4000,0.162841796875,0.9868799887478162,0.9864594756148652,0.986875921436382,0.0817479000640918,0.0766252946563234,6.126754760742188,2.934777975082397,2,1366.6959228515625,False,False
ivae_5env,1.0,0.0,16,2000,0.9876695283507546,0.993461326615328,0.9897537464443352,0.9876695283507546,4000,0.144775390625,0.9897385000192156,0.989571422142852,0.989738160846078,0.0020689716684609,-0.003889904472476,5.96865177154541,2.8234124183654785,2,1369.6212158203125,False,False
ivae_5env,1.0,0.0,17,2000,0.9150073893088736,0.9203142035785477,0.989720352160406,0.9150073893088736,4000,0.147705078125,0.9897396491961584,0.9895920403980064,0.989736483332426,0.074732259887285,0.0692778368194588,6.042393684387207,2.89989709854126,2,1362.91455078125,False,False
ivae_5env,1.0,0.0,18,2000,0.7792017301498986,0.7777450981862717,0.9883609902662364,0.7792017301498986,4000,0.155029296875,0.988406285860949,0.9882396123098997,0.988394153477993,0.2092045557110504,0.2104945141236279,6.208612442016602,3.0857977867126465,2,1362.4276123046875,False,False
ivae_5env,1.0,0.0,19,2000,0.777296063570573,0.7747460386865068,0.9947870767390898,0.777296063570573,4000,0.103759765625,0.994803053110522,0.9946381219095268,0.9947994652080614,0.2175069895399488,0.21989208322302,6.023961067199707,2.9942588806152344,2,1364.2373046875,False,False
ivae_5env,1.0,0.0,20,2000,0.9824234781165342,0.9874717456179328,0.9911942060073048,0.9824234781165342,4000,0.131591796875,0.9912359899779608,0.991010938752731,0.9912000896992156,0.0088125118614266,0.0035391931347983,5.991458415985107,2.8645176887512207,2,1360.7498779296875,False,False
ivae_5env,1.0,0.0,21,2000,0.9359293977876044,0.9413767790941914,0.991640793534382,0.9359293977876044,4000,0.133056640625,0.9916696850752326,0.9914227713556892,0.9916650638655332,0.0557402872876281,0.0500459922614979,6.0931549072265625,2.8811018466949463,2,1366.1810302734375,False,False
ivae_5env,1.0,0.0,22,2000,0.9886902138641968,0.9949980852495176,0.9891326151897144,0.9886902138641968,4000,0.148193359375,0.9891130593039864,0.988492066123013,0.9891076647897578,0.0004228454397894,-0.0065060191265047,6.04111909866333,2.853480815887451,2,1366.51611328125,False,False
ivae_5env,1.0,0.0,23,2000,0.9531676572914048,0.9589083469770832,0.9893390143791816,0.9531676572914048,4000,0.145751953125,0.989359025724272,0.9890203167550756,0.9893506400399408,0.0361913684328671,0.0301119697779923,6.090344905853272,2.9050114154815674,2,1366.5931396484375,False,False
ivae_5env,1.0,0.0,24,2000,0.7854374133451782,0.7828995059748738,0.995429605747478,0.7854374133451782,4000,0.093505859375,0.9954372210760264,0.9952362988090712,0.995433599690852,0.209999807730848,0.2123367928341974,5.988274574279785,2.9622397422790527,2,1366.978515625,False,False
ivae_5env,0.05,2.0,0,2000,0.7003807012154986,0.7021049707762399,0.9797347750233274,,193,0.204345703125,0.9797368947091116,0.979551259137811,0.9797307485033432,0.279356193493613,0.2774462883615711,5.944202899932861,2.9525082111358643,2,1028.91259765625,False,False
ivae_5env,0.05,2.0,1,2000,0.8843989725336034,0.8904356481089087,0.9722025775603697,0.5117504038482984,209,0.241943359375,0.9722910453294508,0.9723178928294698,0.9722288087011376,0.0878920727958472,0.081882244720561,5.961371421813965,2.74487829208374,2,1030.8453369140625,False,False
ivae_5env,0.05,2.0,2,2000,0.9580625947351538,0.966657277664316,0.9789307957855408,,193,0.207763671875,0.9789488566961484,0.9789610719902644,0.9789532491823562,0.0208862619609945,0.0123037943259486,5.8732500076293945,2.6055259704589844,2,1028.1363525390625,False,False
ivae_5env,0.05,2.0,3,2000,0.3872663940243244,0.3999078174769528,0.399679035490082,0.2601629053740755,210,2.448974609375,0.3998418252353517,0.389632301908074,0.3996570105291018,0.0125754312110273,-0.0102755155688787,6.174098014831543,2.9065098762512207,2,1027.919189453125,False,False
ivae_5env,0.05,2.0,4,2000,0.9248542289573588,0.931793796448446,0.9806122309432964,0.5583091164152555,210,0.198974609375,0.9805965499657344,0.9803811163452754,0.9805902460188136,0.0557423210083756,0.0485873198968294,5.923694610595703,2.65433931350708,2,1029.3343505859375,False,False
ivae_5env,0.05,2.0,5,2000,0.9512535805030542,0.9547428421857074,0.9744886534618789,0.5197060827824497,214,0.234130859375,0.9744750140082388,0.9747080031769974,0.9744715389037408,0.0232214335051845,0.0199651609912899,6.043522834777832,2.7784132957458496,2,1028.6798095703125,False,False
ivae_5env,0.05,2.0,6,2000,0.9809559745039304,0.988247550311884,0.9825039428186084,0.5088155238593667,204,0.193603515625,0.9824808966267008,0.9814883783720908,0.9824774821259374,0.0015249221227702,-0.0067591719397933,5.87709903717041,2.638610601425171,2,1026.0419921875,False,False
ivae_5env,0.05,2.0,7,2000,0.939577939298856,0.9451385955346454,0.9843772289241356,,187,0.177978515625,0.9843743647327148,0.9838684987171212,0.9843803952094854,0.0447964254338588,0.0387299031824757,5.927088737487793,2.7338063716888428,2,1028.8580322265625,False,False
ivae_5env,0.05,2.0,8,2000,0.9588374200720552,0.9624319108579744,0.9848410190268224,,179,0.176513671875,0.984806094026381,0.9843337290834284,0.9848114787467148,0.0259686739543258,0.0219018182254542,5.899085521697998,2.7393453121185303,2,1028.8192138671875,False,False
ivae_5env,0.05,2.0,9,2000,0.9772332659611698,0.984969137492281,0.9824292336958392,,185,0.193115234375,0.9824830157572426,0.982183381795842,0.9824336529703956,0.0052497497960728,-0.0027857556964389,5.934193134307861,2.681429147720337,2,1027.463134765625,False,False
ivae_5env,0.05,2.0,10,2000,0.964556281031936,0.9710535935133948,0.9821435667445932,0.563083116129696,211,0.188720703125,0.982169836247627,0.9820569317642294,0.9821540972266364,0.0176135552156908,0.0110033382508345,5.865365028381348,2.6996166706085205,2,1028.12744140625,False,False
ivae_5env,0.05,2.0,11,2000,0.8451047266744572,0.8551489612872373,0.9803341132154008,,190,0.208251953125,0.9803247555306902,0.9804954366238556,0.980323685452817,0.1352200288562329,0.1253464753366183,6.014564514160156,2.925037145614624,2,1025.1890869140625,False,False
ivae_5env,0.05,2.0,12,2000,0.9548897727726536,0.9587304649326128,0.9762499800339116,0.5806673969217234,211,0.220458984375,0.9762210246018216,0.976252261813062,0.9762303601883824,0.0213312518291677,0.0175217968804491,5.896842002868652,2.6609115600585938,2,1027.051025390625,False,False
ivae_5env,0.05,2.0,13,2000,0.974138499540679,0.9816464356616056,0.9796765949390104,,171,0.204345703125,0.9796636097463588,0.979124959031236,0.9796622105938476,0.0055251102056796,-0.0025214766303693,5.852374076843262,2.593036651611328,2,1028.2547607421875,False,False
ivae_5env,0.05,2.0,14,2000,0.9249801409303828,0.933718359179586,0.9761438976232444,,190,0.222900390625,0.9761399733146215,0.9756533401633316,0.9761314233502468,0.0511598323842388,0.0419349809837454,5.900277614593506,2.732320070266724,2,1025.256591796875,False,False
ivae_5env,0.05,2.0,15,2000,0.8261416685550345,0.8343034043258479,0.8618160878815204,,200,0.581298828125,0.8619482216037611,0.8588909934727451,0.8618938696912881,0.0358065530487266,0.0245875891468971,5.908038139343262,2.673473358154297,2,1029.973876953125,False,False
ivae_5env,0.05,2.0,16,2000,0.87172914286815,0.8833074115768498,0.8896734940798169,,189,0.511474609375,0.8896919456503951,0.8920191820047922,0.8896822553297197,0.0179628027822451,0.0087117704279424,5.902266502380371,2.4633989334106445,2,1030.2353515625,False,False
ivae_5env,0.05,2.0,17,2000,0.9543800562639462,0.960798918199726,0.9802992369222036,0.5899161616512593,203,0.205810546875,0.980303155292874,0.980103118275776,0.9802634648826511,0.0259230990289278,0.0193042000760498,5.833968162536621,2.698140382766724,2,1024.157958984375,False,False
ivae_5env,0.05,2.0,18,2000,0.9789815212301796,0.985369270842314,0.98272806176477,0.5243945657867937,217,0.190673828125,0.982777699287476,0.9826993451748328,0.982742587567036,0.0037961780572963,-0.0026699256674812,5.921173572540283,2.628369808197021,2,1024.6837158203125,False,False
ivae_5env,0.05,2.0,19,2000,0.9547382974171874,0.9604844678711136,0.982709036781482,0.5484507709968431,208,0.189697265625,0.9827120896005858,0.9825980793995162,0.9826965949148352,0.0279737921833983,0.0221136115284026,5.870636940002441,2.601094007492065,2,1026.3060302734375,False,False
ivae_5env,0.05,2.0,20,2000,0.9476006407512526,0.9565433001358216,0.9670052745950845,0.5122085545507924,212,0.259521484375,0.9670634352799796,0.9665768093941988,0.9669789090275692,0.019462794528727,0.0100335092583773,5.881901741027832,2.5258688926696777,2,1023.582763671875,False,False
ivae_5env,0.05,2.0,21,2000,0.9793076590377436,0.9863825090956236,0.9807599337796108,,183,0.202392578125,0.9807446948880354,0.9805552731388149,0.980747118412752,0.0014370358502917,-0.005827235956809,5.8804426193237305,2.608593463897705,2,1028.734619140625,False,False
ivae_5env,0.05,2.0,22,2000,0.8535529536231394,0.8616312661578132,0.9680414951946226,,163,0.260009765625,0.967998827911883,0.9666003841500924,0.9680065391271824,0.1144458742887435,0.1049691179922793,5.951999187469482,2.804171562194824,2,1027.4810791015625,False,False
ivae_5env,0.05,2.0,23,2000,0.3829543750396572,0.3957196604299137,0.4732148496717783,0.0443343778497631,209,1.806884765625,0.473367391248038,0.4609271697317907,0.4732623752747203,0.0904130162083807,0.065207509301877,5.95073127746582,2.4844157695770264,2,1027.056884765625,False,False
ivae_5env,0.05,2.0,24,2000,0.9685203268298154,0.9702384355596054,0.9749716382017692,,178,0.222900390625,0.9749968352770586,0.9744708403677064,0.974986458206936,0.0064765084472432,0.004232404808101,5.862146377563477,2.6139354705810547,2,1028.7098388671875,False,False
ivae_5env,0.2,2.0,0,2000,0.6893403801572247,0.6955799721449906,0.9683161078979652,0.5212568116057732,838,0.257080078125,0.9683295316943704,0.9681665997916464,0.9683327266812144,0.2789891515371457,0.2725866276466558,6.1196393966674805,3.025284767150879,2,1031.0203857421875,False,False
ivae_5env,0.2,2.0,1,2000,0.9250129997685258,0.9272321880580436,0.9501361157600124,0.600905097653588,814,0.330322265625,0.9502692437381036,0.9505659666414884,0.9501494708913962,0.0252562439695777,0.0233337785834446,5.960057258605957,2.689474105834961,2,1031.6502685546875,False,False
ivae_5env,0.2,2.0,2,2000,0.9686516814412526,0.979893381473342,0.9722116274271422,0.5848535382074602,827,0.239501953125,0.9722108015232548,0.9724522426130572,0.9722137049703764,0.0035591200820023,-0.0074411388602848,6.094278335571289,2.6019790172576904,2,1029.1162109375,False,False
ivae_5env,0.2,2.0,3,2000,0.4770657414488771,0.4820132352533071,0.494697904177605,0.2322253905066525,798,1.823974609375,0.4947456633876513,0.4850460507615109,0.4947274603197821,0.0176799219387742,0.0030328155082038,6.211581230163574,2.8311421871185303,2,1028.8165283203125,False,False
ivae_5env,0.2,2.0,4,2000,0.9148113774293624,0.9227058071764483,0.97418768043048,0.5883265876554465,797,0.230224609375,0.9742309555602876,0.9741863127965746,0.974214204620871,0.0594195781309252,0.0514805056201261,6.004379749298096,2.6697030067443848,2,1029.3060302734375,False,False
ivae_5env,0.2,2.0,5,2000,0.9464229012525828,0.951011542502882,0.9638894914204698,0.6451856201600533,777,0.281494140625,0.9639369223970536,0.9644798658699631,0.9639325460519976,0.0175140211444708,0.013468323367081,6.056459426879883,2.7614097595214844,2,1029.99267578125,False,False
ivae_5env,0.2,2.0,6,2000,0.9786361868402016,0.9859884642471126,0.978900736519992,0.6570902387050828,819,0.212646484375,0.978917808877903,0.9778904677226136,0.9789133658910172,0.0002816220377014,-0.0080979965244991,5.939793109893799,2.645190715789795,2,1027.363525390625,False,False
ivae_5env,0.2,2.0,7,2000,0.948276892683803,0.9554174651043628,0.9760940104526634,0.6006352340603878,802,0.220947265625,0.9761303198659724,0.9755538976384708,0.9761413190794852,0.0278534271821695,0.020136432534108,5.961490631103516,2.6906816959381104,2,1030.343994140625,False,False
ivae_5env,0.2,2.0,8,2000,0.9638299724884491,0.9702174475543583,0.9775915446135496,0.6221310207989356,769,0.215576171875,0.977596005366667,0.9768530794632664,0.9776076414806028,0.0137660328782178,0.0066356319089079,5.942297458648682,2.709702968597412,2,1029.5660400390625,False,False
ivae_5env,0.2,2.0,9,2000,0.6237574723186156,0.612099753024936,0.6230554611938118,0.2851778667958219,774,1.290771484375,0.6236078443574464,0.6199071994767976,0.6230783809177206,-0.0001496279611691,0.0078074464518615,6.216130256652832,2.6816885471343994,2,1028.664306640625,False,False
ivae_5env,0.2,2.0,10,2000,0.9406964984887044,0.9492745450686328,0.9755127940527664,0.6323975888706177,818,0.221923828125,0.9755683839430448,0.975501018125251,0.975547870481797,0.0348718854543406,0.0262264730566181,6.030653953552246,2.779796838760376,2,1028.82080078125,False,False
ivae_5env,0.2,2.0,11,2000,0.8456319295267233,0.8563417525854349,0.973348149071532,0.5480638555742214,776,0.243896484375,0.97331764036113,0.9734600418650068,0.9733156301360846,0.1276857108344068,0.1171182892795719,6.1367387771606445,2.9576833248138428,2,1026.78515625,False,False
ivae_5env,0.2,2.0,12,2000,0.952084239774274,0.9575209396302312,0.9518108764886044,0.6122808739737066,807,0.320556640625,0.9517841045023134,0.9520727147681752,0.9518037330965038,-0.0003001352719607,-0.0054482248620562,5.971187591552734,2.662623405456543,2,1028.6749267578125,False,False
ivae_5env,0.2,2.0,13,2000,0.8330604197383311,0.8395585138896253,0.832607053377568,0.3964455964114732,788,0.660400390625,0.8326608867898821,0.8342497043124228,0.8326872492493423,-0.0003995329484489,-0.0053088095772024,6.017914295196533,2.705099582672119,2,1029.9654541015625,False,False
ivae_5env,0.2,2.0,14,2000,0.9549740659870642,0.9605505593876364,0.9644392693342946,0.6204217162793391,818,0.275634765625,0.9644396270563091,0.9639849519962344,0.9644446677367238,0.0094655610692448,0.003434392608598,6.051712989807129,2.7202115058898926,2,1026.7852783203125,False,False
ivae_5env,0.2,2.0,15,2000,0.6550558334618516,0.6463735180933772,0.7008608487430873,0.2601789856519958,808,1.003662109375,0.7008413394045803,0.6905873761468415,0.7009422630373879,0.0457855059427286,0.0442138580534643,6.09761905670166,2.743415117263794,2,1030.7620849609375,False,False
ivae_5env,0.2,2.0,16,2000,0.464443535548561,0.4796930144232517,0.492543934402247,0.3058436052638207,817,1.773193359375,0.4925674340511669,0.4805587358896823,0.4925769810957029,0.0281238985026058,0.0008657214664305,6.1590576171875,2.830129623413086,2,1033.08203125,False,False
ivae_5env,0.2,2.0,17,2000,0.9437778984598229,0.9532976705744142,0.9714498564846994,0.6353018623724417,780,0.249267578125,0.9715288006385816,0.9713776903444192,0.9714788310152946,0.0277509021787587,0.0180800197700049,6.037799835205078,2.7606279850006104,2,1024.5330810546875,False,False
ivae_5env,0.2,2.0,18,2000,0.9760769151617426,0.9842086275521532,0.9768188374420002,0.6033017562161718,828,0.220947265625,0.97691369479278,0.97704277476069,0.9768526492055958,0.0008367796310373,-0.0071658527914632,6.037611961364746,2.653097152709961,2,1025.761474609375,False,False
ivae_5env,0.2,2.0,19,2000,0.957832970716352,0.9648384829596172,0.97637146457046,0.5971498969004453,818,0.223876953125,0.9763410985628552,0.9762920950730202,0.9763373661111884,0.0185081278465033,0.0114536121134029,5.957317352294922,2.5875496864318848,2,1028.4202880859375,False,False
ivae_5env,0.2,2.0,20,2000,0.9582315984708056,0.9648656974664208,0.975978961126138,0.6469585178349732,817,0.219970703125,0.9760787884174,0.975550941887732,0.9760118866558518,0.0178471899465944,0.010685244421311,6.001931667327881,2.61660099029541,2,1025.4820556640625,False,False
ivae_5env,0.2,2.0,21,2000,0.9750622597118728,0.9834477898619438,0.9776110299027908,0.6370040715012809,783,0.218505859375,0.9775947060808532,0.977403461850862,0.9775925747278906,0.0025324463689804,-0.0060443280110819,5.938644409179688,2.604244470596313,2,1030.31396484375,False,False
ivae_5env,0.2,2.0,22,2000,0.8547143161717169,0.8574680623670126,0.951981126371434,0.5597472243707361,741,0.322998046875,0.95201093251555,0.950067821766952,0.9519802746592548,0.097296616343833,0.0925997593999394,6.048368453979492,2.8281919956207275,2,1028.129150390625,False,False
ivae_5env,0.2,2.0,23,2000,0.3536804199126093,0.3713698648424648,0.4752260249656905,0.1607525926244679,795,1.804931640625,0.4753859145923851,0.4629219587304879,0.4752485431376682,0.1217054946797758,0.091552093888023,6.040246963500977,2.542531490325928,2,1029.0262451171875,False,False
ivae_5env,0.2,2.0,24,2000,0.9531120100781766,0.9564533308633294,0.960932639640866,0.6325982562255904,809,0.281494140625,0.9609146561612284,0.9603817913454444,0.96090762206427,0.0078026460830518,0.0039284604821149,5.947265148162842,2.6486752033233643,2,1029.855224609375,False,False
ivae_5env,0.4,2.0,0,2000,0.7785333985850942,0.790724235431056,0.9414735446272466,0.6161814344514226,1601,0.358154296875,0.941424701715339,0.9411703782925912,0.9414252700738784,0.1628913031302448,0.1504461428615351,6.195767879486084,2.855086326599121,2,1031.976318359375,False,False
ivae_5env,0.4,2.0,1,2000,0.9306120208140072,0.93403333300833,0.9414023891386338,0.6794647173549757,1614,0.362548828125,0.9416381704569105,0.9416571381642812,0.9414219789408836,0.0110261496429031,0.0076238051559514,6.185708522796631,2.759275436401367,2,1034.3740234375,False,False
ivae_5env,0.4,2.0,2,2000,0.910722257952721,0.9226312091577992,0.9227663434865532,0.6441489629116189,1636,0.415283203125,0.9226563427451896,0.9241096417774072,0.922694911173236,0.0119340847924686,0.0014784326196082,6.125460147857666,2.5986664295196533,2,1032.884033203125,False,False
ivae_5env,0.4,2.0,3,2000,0.4933351102890101,0.498825075956267,0.5689067720568952,0.2387838032240782,1584,1.522705078125,0.5688955052176636,0.5629642227410536,0.5688769728737205,0.0755603949286534,0.0641391467847866,6.301019191741943,2.814107894897461,2,1033.396728515625,False,False
ivae_5env,0.4,2.0,4,2000,0.7955019311054299,0.7916397981599466,0.9326601510559328,0.5807798148975948,1601,0.385009765625,0.9326653290785568,0.9335982113995492,0.9326327986451028,0.1371633979731269,0.1419584132396025,6.277511596679688,3.011003494262696,2,1033.4715576171875,False,False
ivae_5env,0.4,2.0,5,2000,0.8130559261498589,0.8092073495518346,0.9172689448881068,0.5842184567321556,1535,0.442626953125,0.9172569394631708,0.919102105025523,0.9172413971392608,0.1042010133133118,0.1098947554736884,6.321754455566406,3.0869057178497314,2,1031.26171875,False,False
ivae_5env,0.4,2.0,6,2000,0.947809689571924,0.961081205520298,0.9488179992934086,0.6722261260427753,1628,0.339599609375,0.948823614836535,0.9474858801214668,0.9487962996431468,0.0010139252646109,-0.0135953253988311,6.134339332580566,2.646215438842773,2,1031.8353271484375,False,False
ivae_5env,0.4,2.0,7,2000,0.9201258160747896,0.9294510036127474,0.9539276334727848,0.6428137921246428,1579,0.312255859375,0.9538609924961556,0.95299309399827,0.953883634416638,0.033735176421366,0.0235420903855226,6.148704528808594,2.7111666202545166,2,1031.8411865234375,False,False
ivae_5env,0.4,2.0,8,2000,0.5446907532094132,0.5495969858992447,0.5977096819301105,0.2937706064275918,1599,1.308837890625,0.5977033424563476,0.5892966993241727,0.597769288498194,0.0530125892469344,0.039699713424928,6.237026214599609,2.842268466949463,2,1033.313232421875,False,False
ivae_5env,0.4,2.0,9,2000,0.4838027675475065,0.4990028230007039,0.5134298505611012,0.3943162829184515,1575,1.725830078125,0.5133095311639657,0.5073055740763917,0.5133860006230686,0.0295067636164592,0.0083027510756877,6.533257484436035,3.2270426750183105,2,1031.6824951171875,False,False
ivae_5env,0.4,2.0,10,2000,0.9304376366069248,0.9410404235101026,0.957028793530039,0.6518370095667214,1594,0.300537109375,0.9570967100564788,0.957004125751028,0.9570600176901608,0.0266590734495539,0.0159637022409253,6.194000720977783,2.749772071838379,2,1032.612548828125,False,False
ivae_5env,0.4,2.0,11,2000,0.8453254045267277,0.8531492297873045,0.950023654549592,0.6075253636989258,1581,0.340087890625,0.950005610209194,0.9506817944204452,0.9499926410773044,0.1046802056824662,0.0975325646331408,6.281485557556152,2.928260803222656,2,1029.810546875,False,False
ivae_5env,0.4,2.0,12,2000,0.9441372784766506,0.9514225711056392,0.946916766733797,0.7026826966505002,1645,0.337646484375,0.9469405306015298,0.9479312227328022,0.9469337747398948,0.0028032521248791,-0.003491348372837,6.098109245300293,2.6754860877990723,2,1033.61865234375,False,False
ivae_5env,0.4,2.0,13,2000,0.5468190897514584,0.5554921223730286,0.5761446168075779,0.2703686583553802,1591,1.414306640625,0.5761107583084542,0.5699404072350998,0.5761631887948437,0.0292916685569957,0.0144482848620711,6.3115434646606445,2.778789520263672,2,1033.19287109375,False,False
ivae_5env,0.4,2.0,14,2000,0.66582186707937,0.6622285888071447,0.6984596007348294,0.2937837378292343,1653,1.053955078125,0.6985542938992293,0.695548898887222,0.6984020093495892,0.0327324268198593,0.0333203100800773,6.238691329956055,2.79526686668396,2,1031.0712890625,False,False
ivae_5env,0.4,2.0,15,2000,0.4364622819887459,0.4263269423317339,0.4569252058590049,0.396480468174836,1650,1.874267578125,0.4567956749425389,0.4446175471543852,0.4568980751438928,0.0203333929537929,0.0182906048226512,6.398929119110107,2.9516847133636475,2,1034.7318115234375,False,False
ivae_5env,0.4,2.0,16,2000,0.4131113742667459,0.4164561028640243,0.507625426493765,0.465685514504998,1631,1.714599609375,0.5077664964014369,0.4966708999177232,0.5076213789991207,0.0946551221346909,0.0802147970536988,6.567719459533691,3.127147436141968,2,1036.524658203125,False,False
ivae_5env,0.4,2.0,17,2000,0.727888295566727,0.7310191295047795,0.7462336542365813,0.4724699040992363,1541,0.910400390625,0.7468024774358906,0.7452229000557223,0.7461979179622665,0.0189141818691636,0.0142037705509427,6.099417686462402,2.7604033946990967,2,1026.9356689453125,False,False
ivae_5env,0.4,2.0,18,2000,0.6726939954976966,0.6805401163850266,0.6881608572320341,0.2460679045397174,1636,1.049560546875,0.6890796470029168,0.6875505623876381,0.6881629984713904,0.0163856515052202,0.0070104460026114,6.2827348709106445,2.878631114959717,2,1030.38525390625,False,False
ivae_5env,0.4,2.0,19,2000,0.3932609043079904,0.4056874269218553,0.4744481446538524,0.1777883803448506,1590,1.945068359375,0.4745354562051347,0.4642111828027939,0.4744753134120831,0.0812745518971442,0.0585237558809386,6.238523483276367,2.7338945865631104,2,1031.7926025390625,False,False
ivae_5env,0.4,2.0,20,2000,0.8806023913201928,0.8914361003590219,0.9130908939739616,0.5966577542771843,1605,0.440673828125,0.913173606369901,0.9132961990740466,0.913085037465716,0.0325712150497081,0.0218600987150247,6.1680192947387695,2.5432143211364746,2,1027.0557861328125,False,False
ivae_5env,0.4,2.0,21,2000,0.9573866953095176,0.9700743752685904,0.9576527057693022,0.6693553033010673,1602,0.306884765625,0.9576565585895368,0.9577439814359918,0.957665319358792,0.0002698632800191,-0.0123303938325985,6.132722854614258,2.6210570335388184,2,1033.08642578125,False,False
ivae_5env,0.4,2.0,22,2000,0.8296254781170423,0.832543943635983,0.9243359866056164,0.5579784668275287,1573,0.415283203125,0.9243346260042938,0.9222142150535504,0.9243970621086448,0.0947091478872514,0.0896702714175673,6.181286811828613,2.778134822845459,2,1032.1981201171875,False,False
ivae_5env,0.4,2.0,23,2000,0.732521504672506,0.7552096340524057,0.7971186262691679,0.5399733653931428,1595,0.751220703125,0.7970486302446271,0.7958566442141584,0.7970771148995508,0.0645271255721211,0.0406470101617526,6.121953010559082,2.702305316925049,2,1031.5814208984375,False,False
ivae_5env,0.4,2.0,24,2000,0.9400924645744564,0.9474948816237168,0.9428129625011384,0.6520323588240915,1652,0.343994140625,0.9428527814062452,0.9428509989627462,0.9428337023740014,0.0027603168317889,-0.0046438826609707,6.084176063537598,2.687804698944092,2,1033.3934326171875,False,False
ivae_5env,0.6,2.0,0,2000,0.471302876672428,0.4660009622502389,0.6379337327805101,0.3875837080634544,2400,1.204345703125,0.6379361324209747,0.6326717624179383,0.637983421636468,0.1666332557485467,0.1666708001676994,6.289642333984375,2.916656017303467,2,1037.5308837890625,False,False
ivae_5env,0.6,2.0,1,2000,0.3993755442435133,0.4079949952487473,0.5166504514945434,0.2218367746523686,2427,1.744384765625,0.5173456522786598,0.5137697911924459,0.5166391797010452,0.1179701080351464,0.1057747959436986,6.58624267578125,3.052417278289795,2,1039.6593017578125,False,False
ivae_5env,0.6,2.0,2,2000,0.8713972084534454,0.8851207942801955,0.8726187734020332,0.647417072185981,2401,0.557373046875,0.8726678237117349,0.874095800523947,0.8725396653107946,0.0012706152582895,-0.0110249937562485,6.37615966796875,2.6996164321899414,2,1036.9871826171875,False,False
ivae_5env,0.6,2.0,3,2000,0.3670937738386608,0.3704626541156621,0.5232070733427356,0.3398888861876068,2385,1.737548828125,0.5237517827306275,0.5162940645735143,0.5232130774914506,0.1566580088919666,0.1458314104578522,6.473635673522949,2.897234916687012,2,1038.3914794921875,False,False
ivae_5env,0.6,2.0,4,2000,0.4965835034928673,0.5235676338919065,0.5908661889387806,0.3555318158492452,2387,1.383056640625,0.5913939998473838,0.5839459992364977,0.5908280394888997,0.0948104963545165,0.0603783653445911,6.433291435241699,3.0676369667053223,2,1036.419677734375,False,False
ivae_5env,0.6,2.0,5,2000,0.4657703424275178,0.4833464685866154,0.4755950369319687,0.461710940629144,2373,1.842041015625,0.4755421990459816,0.470640599160148,0.4756332396448857,0.0097718566184638,-0.0127058694264674,6.602255821228027,3.1465299129486084,2,1037.3033447265625,False,False
ivae_5env,0.6,2.0,6,2000,0.8847804271228701,0.8950015262503783,0.9098168106272586,0.6488763122856914,2449,0.465087890625,0.9101033935102392,0.9085939341484804,0.909896370717238,0.025322966387369,0.0135924078981021,6.317862033843994,2.7346112728118896,2,1036.70849609375,False,False
ivae_5env,0.6,2.0,7,2000,0.6504596704520482,0.6483603090900749,0.8958589247665354,0.5305367428445976,2338,0.490478515625,0.8957744609303062,0.8944213516053346,0.895778926642419,0.245314790478258,0.2460610425152597,6.433398246765137,3.012102127075196,2,1034.421875,False,False
ivae_5env,0.6,2.0,8,2000,0.4356881250795106,0.4262204325551065,0.5412998741421025,0.3587096278287501,2470,1.513916015625,0.5411293970316883,0.529590623647654,0.5412369512239051,0.1054412719521776,0.1033701910925474,6.496795654296875,2.996615171432495,2,1039.217529296875,False,False
ivae_5env,0.6,2.0,9,2000,0.5936165670265604,0.6230436590109125,0.6463686971508078,0.4120569518349093,2394,1.187255859375,0.6461418402502692,0.6431735222933781,0.6464058225015799,0.0525252732237088,0.0201298632824655,6.504846096038818,3.029226779937744,2,1036.7620849609375,False,False
ivae_5env,0.6,2.0,10,2000,0.897339902937122,0.9102619150654752,0.9164673187357868,0.6742388907891292,2415,0.436767578125,0.9165283317410138,0.9164884863721184,0.9164231450306576,0.0191884288038918,0.006226571306643,6.376725673675537,2.80315899848938,2,1037.0111083984375,False,False
ivae_5env,0.6,2.0,11,2000,0.4875783512275008,0.4719770612442635,0.6568238432054168,0.4694839594921257,2365,1.173583984375,0.6569728719312999,0.6544247971061969,0.6568884311413503,0.1693945207037991,0.1824477358619334,6.54200553894043,3.151754856109619,2,1034.553466796875,False,False
ivae_5env,0.6,2.0,12,2000,0.4995498297782352,0.5030405705101407,0.5878714632569003,0.3114428244936185,2432,1.390380859375,0.5878639860870105,0.582710836677707,0.587877624046812,0.0883141563087752,0.0796702661675662,6.389201641082764,2.920776844024658,2,1038.5296630859375,False,False
ivae_5env,0.6,2.0,13,2000,0.3859202869746479,0.4014650436162595,0.4594159033983784,0.2601100905290719,2389,1.925048828125,0.4596550241116829,0.4515882701470658,0.4593883971743604,0.0737347371370349,0.0501232265308062,6.467484474182129,2.9489872455596924,2,1037.4080810546875,False,False
ivae_5env,0.6,2.0,14,2000,0.3599695842046372,0.3681201822800443,0.5305881460484448,0.2954816880930889,2420,1.688232421875,0.5308534314413426,0.5238606792151679,0.5305543785511698,0.1708838472367053,0.1557404969351236,6.462971210479736,2.8784189224243164,2,1036.346435546875,False,False
ivae_5env,0.6,2.0,15,2000,0.5308218218747514,0.5331720102930005,0.6383485509971382,0.4101004424077871,2479,1.182373046875,0.6383990707978312,0.6264238731059659,0.6382788559883584,0.1075772489230798,0.0932518628129653,6.35536527633667,2.8772969245910645,2,1040.7783203125,False,False
ivae_5env,0.6,2.0,16,2000,0.5406060626836655,0.5508030934507715,0.6010315819711389,0.2998394496845926,2408,1.318115234375,0.6014490213661581,0.5957391341847813,0.6009659172248221,0.0608429586824925,0.0449360407340098,6.350902557373047,2.878140687942505,2,1040.702880859375,False,False
ivae_5env,0.6,2.0,17,2000,0.5376891127631924,0.526314631828656,0.6356867710852088,0.36661638385829,2362,1.237060546875,0.6364489820510577,0.6303913635978386,0.6356503015202586,0.0987598692878652,0.1040767317691826,6.346144676208496,2.880897760391236,2,1032.1846923828125,False,False
ivae_5env,0.6,2.0,18,2000,0.5155634737709849,0.5191078702769656,0.5798012535126765,0.3244436139395423,2394,1.410400390625,0.5807115882621501,0.5757011421752833,0.5798516991834985,0.0651481144911652,0.0565932718983177,6.512730598449707,3.039651870727539,2,1033.3558349609375,False,False
ivae_5env,0.6,2.0,19,2000,0.8085723312575833,0.8167782534445605,0.8887517416809223,0.5963313277572377,2440,0.529541015625,0.8887910540751862,0.8889838569959612,0.888758086656131,0.0802187228176029,0.0722056035514007,6.30582857131958,2.649017572402954,2,1037.9075927734375,False,False
ivae_5env,0.6,2.0,20,2000,0.4473063651102373,0.448544634386157,0.5695611601437096,0.3115872379885482,2350,1.396240234375,0.5709766650836183,0.5654294388573575,0.5696059064924441,0.123670299973381,0.1168848044712005,6.397707939147949,2.931339979171753,2,1030.3621826171875,False,False
ivae_5env,0.6,2.0,21,2000,0.9106012808996444,0.9226870076717486,0.9157216597943472,0.693352210792357,2390,0.447998046875,0.9158052363611552,0.9174347856086932,0.915760114154208,0.0052039554615105,-0.0052522220630555,6.268261909484863,2.647367477416992,2,1037.416259765625,False,False
ivae_5env,0.6,2.0,22,2000,0.45377638211362,0.4437378914344712,0.5004732045878881,0.4083993526032392,2398,1.772705078125,0.5002762559807883,0.486255363063839,0.5005223101949419,0.0464998738671682,0.0425174716293677,6.402281761169434,2.8680922985076904,2,1037.769287109375,False,False
ivae_5env,0.6,2.0,23,2000,0.4910856608096476,0.4840867637716891,0.6196631445604873,0.3425693522370232,2402,1.237548828125,0.6197356302528313,0.6126719724179908,0.6196370040052601,0.1286499694431836,0.1285852086463016,6.435766696929932,2.7792961597442627,2,1036.3248291015625,False,False
ivae_5env,0.6,2.0,24,2000,0.3624473851723461,0.3867699329424818,0.4921182115952754,0.2585043105665737,2430,1.732177734375,0.4921850518059857,0.4871721137930266,0.4921492998672195,0.1297376666336396,0.1004021808505448,6.461084365844727,2.962648868560791,2,1037.26708984375,False,False
ivae_5env,0.8,2.0,0,2000,0.6200296222669357,0.6097192621798133,0.640032979988698,0.5847732739629686,3172,1.194091796875,0.6400848548296878,0.6346682486670598,0.6400504703075506,0.0200552325627521,0.0249489864872465,6.70149040222168,3.328067779541016,2,1045.955078125,False,False
ivae_5env,0.8,2.0,1,2000,0.4066907648255656,0.4318920832230192,0.4828705265347608,0.3126595600185827,3230,1.893310546875,0.4833528660652811,0.4780120787530179,0.4829059341246139,0.0766621012397155,0.0461199955299986,6.585103988647461,3.1258203983306885,2,1043.7506103515625,False,False
ivae_5env,0.8,2.0,2,2000,0.5628260224263855,0.5769056184764025,0.6829433915830784,0.5538579329690629,3183,1.064208984375,0.6829653770520688,0.6807792066947993,0.6829316173138734,0.1201393546256833,0.1038735882183967,6.780282020568848,3.155609607696533,2,1042.289794921875,False,False
ivae_5env,0.8,2.0,3,2000,0.461357203816654,0.4595234041308494,0.4962535201619549,0.4486915403974041,3171,1.835693359375,0.4967564055505241,0.4903407490851856,0.4962898453613411,0.03539920173387,0.0308173449543361,6.53975772857666,2.9451358318328857,2,1043.682373046875,False,False
ivae_5env,0.8,2.0,4,2000,0.4488855119143344,0.4785022661255647,0.4545056285912331,0.4247569884090209,3178,1.976806640625,0.4550086718071687,0.4439599957399973,0.4544993479189451,0.0061231598928343,-0.0345422703855673,6.613539695739746,3.246384382247925,2,1041.0908203125,False,False
ivae_5env,0.8,2.0,5,2000,0.430759097831404,0.4514005563501373,0.4888525999210026,0.3757651351997585,3185,1.799560546875,0.4889299622749423,0.483777282944319,0.4888987119750521,0.0581708644435383,0.0323767265941816,6.639272689819336,3.177774906158448,2,1041.405029296875,False,False
ivae_5env,0.8,2.0,6,2000,0.757321607941132,0.7583876720969153,0.8351570657030336,0.6410454027532484,3222,0.675537109375,0.8358322476857922,0.8335102356275559,0.8352227307603219,0.0785106397446602,0.0751225635306406,6.5327019691467285,2.888321876525879,2,1042.9388427734375,False,False
ivae_5env,0.8,2.0,7,2000,0.4952221369623429,0.4919192549798118,0.5473086353723324,0.4552309715583075,3183,1.500732421875,0.5474831675146932,0.5359274097318505,0.5472950805885863,0.0522610305523502,0.0440081547520386,6.6626386642456055,3.1585772037506104,2,1040.96484375,False,False
ivae_5env,0.8,2.0,8,2000,0.4175278391629786,0.4626717099179256,0.4456408710693588,0.398158831783473,3266,1.924072265625,0.4458432171013369,0.4319811142452769,0.4456734848277375,0.0283153779383583,-0.0306905956726487,6.631208419799805,3.184445381164551,2,1045.8145751953125,False,False
ivae_5env,0.8,2.0,9,2000,0.4959347236680042,0.517117783029444,0.5903581852349515,0.4769358512128988,3196,1.389404296875,0.5901861447094439,0.583886500971623,0.5903229236061909,0.0942514210414396,0.0667687179421789,6.563899993896484,3.015538215637207,2,1043.521240234375,False,False
ivae_5env,0.8,2.0,10,2000,0.8309202473097927,0.8369922847480681,0.8416508364061556,0.7078260125639444,3239,0.647216796875,0.8417418646960926,0.8406596821649175,0.8416196499134552,0.0108216173862998,0.0036673974168494,6.519309997558594,2.8539352416992188,2,1045.2276611328125,False,False
ivae_5env,0.8,2.0,11,2000,0.5424363256301376,0.5434044886011202,0.6055389466591652,0.518335942344578,3215,1.338623046875,0.6055366834735729,0.601496892374221,0.6056082062476484,0.0631003578434353,0.0580924037731007,6.484645843505859,2.7187695503234863,2,1041.933837890625,False,False
ivae_5env,0.8,2.0,12,2000,0.3913931447116621,0.3861035682758907,0.5309450914432127,0.2472207174634119,3199,1.587646484375,0.5310803458105278,0.5234920263730048,0.5309319048981234,0.1396872010988656,0.1373884580971141,6.673799514770508,3.2001047134399414,2,1042.7266845703125,False,False
ivae_5env,0.8,2.0,13,2000,0.558720727860536,0.5603157688289403,0.5811276788916532,0.3668127285454448,3212,1.366455078125,0.580939998118658,0.5750843795210927,0.5810741320415782,0.022219270258122,0.0147686106921524,6.526628494262695,2.98793625831604,2,1043.99072265625,False,False
ivae_5env,0.8,2.0,14,2000,0.3381937910737826,0.3304867613716892,0.5117605006325469,0.2554171910382347,3190,1.771240234375,0.5119394456019459,0.5040512880128203,0.511728350118015,0.1737456545281632,0.1735645266411311,6.6558122634887695,3.179379463195801,2,1040.283447265625,False,False
ivae_5env,0.8,2.0,15,2000,0.4562043505646787,0.5115656816414185,0.4768092114710278,0.4431841790038615,3204,1.798583984375,0.4767432715934342,0.4633278783319678,0.4768095577823174,0.0205389210287555,-0.0482378033094506,6.612190246582031,3.209831953048706,2,1044.291015625,False,False
ivae_5env,0.8,2.0,16,2000,0.4375123142088276,0.4359861054965248,0.5259341865328303,0.3952433172969909,3200,1.624267578125,0.5263858827907403,0.5186005349001317,0.5259272628710986,0.0888735685819126,0.0826144294036069,6.482639312744141,3.041476964950561,2,1046.2889404296875,False,False
ivae_5env,0.8,2.0,17,2000,0.4930023052683338,0.5104320136080014,0.5142830986844076,0.4731418171947872,3211,1.710693359375,0.5149978723840973,0.5062871120717761,0.5143215078252317,0.0219955671157635,-0.0041449015362252,6.603021144866943,3.0717933177948,2,1040.24951171875,False,False
ivae_5env,0.8,2.0,18,2000,0.3759445941812864,0.3781408627852143,0.5218116897960536,0.3821653479760699,3185,1.635009765625,0.5224951051741151,0.5142532848133193,0.5218558269042637,0.1465505109928286,0.136112422028105,6.676153182983398,3.098552703857422,2,1039.7152099609375,False,False
ivae_5env,0.8,2.0,19,2000,0.6755225547088921,0.6742435445608839,0.8091931599393319,0.5611276613232068,3204,0.749755859375,0.8090690667635345,0.8089091944772957,0.8091089665795315,0.1335465120546424,0.1346656499164118,6.501787185668945,2.7707104682922363,2,1042.6513671875,False,False
ivae_5env,0.8,2.0,20,2000,0.4217305834940703,0.4430937327734316,0.4874237094402642,0.4013141084202008,3180,1.749755859375,0.4882253931489702,0.4833490523372613,0.4874114732798877,0.0664948096548999,0.0402553195638297,6.510714530944824,3.096658706665039,2,1037.2003173828125,False,False
ivae_5env,0.8,2.0,21,2000,0.8172327454121795,0.8210394552598607,0.8293756353157009,0.6907231488886973,3194,0.692138671875,0.8295971133230914,0.8335095366273811,0.8294315453564329,0.0123643679109118,0.0124700813675204,6.443370819091797,2.713496208190918,2,1043.6004638671875,False,False
ivae_5env,0.8,2.0,22,2000,0.4207189592778865,0.4654476016118988,0.5002268731066305,0.4443219072324543,3184,1.740478515625,0.5005589207963476,0.4847192201798033,0.5002254612040198,0.079839961518461,0.0192716185679045,6.580296039581299,3.131251573562622,2,1042.4515380859375,False,False
ivae_5env,0.8,2.0,23,2000,0.4971255098131242,0.4839244307311061,0.5582011255121819,0.4719445582369373,3217,1.451904296875,0.5583062053598318,0.5504853911213459,0.5581616808981165,0.0611806955467075,0.0665609603902397,6.577327728271484,2.941335439682007,2,1043.1287841796875,False,False
ivae_5env,0.8,2.0,24,2000,0.4024341529724856,0.3935507251376798,0.5127934862244848,0.3743937339836691,3216,1.639404296875,0.512662491637659,0.5074401548600369,0.5128480364823926,0.1102283386651733,0.113889429722357,6.565704345703125,3.030165910720825,2,1043.0059814453125,False,False
ivae_5env,1.0,2.0,0,2000,0.4644716898752212,0.4841271077817752,0.4695858712064212,0.4644716898752212,4000,1.930419921875,0.4694363922107374,0.4610123502530859,0.4695871580438759,0.0049647023355162,-0.0231147575286892,6.552806854248047,3.1420910358428955,2,1049.7054443359375,False,False
ivae_5env,1.0,2.0,1,2000,0.6487524253778019,0.6617798614449628,0.6797221010785981,0.6487524253778019,4000,1.098388671875,0.6800754479982107,0.6791349077837243,0.6797199684821997,0.0313230226204088,0.0173550463387615,6.747604370117188,3.106534957885742,2,1048.87451171875,False,False
ivae_5env,1.0,2.0,2,2000,0.4479318987535992,0.451325782831444,0.5143554589343856,0.4479318987535992,4000,1.679443359375,0.5142973883620867,0.5084389683597405,0.5143890778612126,0.0663654896084874,0.0571131855282964,6.576763153076172,2.795740127563477,2,1047.7977294921875,False,False
ivae_5env,1.0,2.0,3,2000,0.4395068182510491,0.4712390895597707,0.4576760951689901,0.4395068182510491,4000,2.073974609375,0.4577114107172367,0.4500728730182165,0.4576915844884862,0.0182045924661876,-0.0211662165415541,6.608811378479004,3.13016676902771,2,1047.9847412109375,False,False
ivae_5env,1.0,2.0,4,2000,0.437744587064824,0.4833446175861525,0.4470137761129088,0.437744587064824,4000,2.046630859375,0.4473173804735055,0.4358418204604534,0.4469790425952061,0.0095727934086815,-0.0475027971256991,6.661462783813477,3.26637864112854,2,1048.3714599609375,False,False
ivae_5env,1.0,2.0,5,2000,0.4593848281606292,0.4556200986550228,0.4960866956680894,0.4593848281606292,4000,1.765869140625,0.4956843005978939,0.4914894088723504,0.4960477576159441,0.0362994724372647,0.0358693102173275,6.628925800323486,2.944025993347168,2,1047.65576171875,False,False
ivae_5env,1.0,2.0,6,2000,0.37773863698786,0.3873193725798418,0.4574005869869221,0.37773863698786,4000,2.047607421875,0.4576783724673943,0.4535941298985307,0.4574397333144924,0.0799397354795343,0.0662747573186889,6.670622825622559,3.316286087036133,2,1049.4725341796875,False,False
ivae_5env,1.0,2.0,7,2000,0.3493477257542753,0.3558795064698754,0.4991051238959515,0.3493477257542753,4000,1.695068359375,0.4991630276151531,0.4858863442215842,0.4990639761452451,0.1498153018608777,0.1300068377517088,6.7168169021606445,3.2539961338043213,2,1047.8575439453125,False,False
ivae_5env,1.0,2.0,8,2000,0.4670606455170942,0.4687198921799713,0.4954877376328901,0.4670606455170942,4000,1.674560546875,0.4957713703215858,0.4830564022640987,0.4955148604193679,0.0287107248044916,0.0143365100841273,6.621161460876465,3.032586574554444,2,1051.0367431640625,False,False
ivae_5env,1.0,2.0,9,2000,0.4105211962017211,0.442574974143742,0.483113954201036,0.4105211962017211,4000,1.811767578125,0.4835098371431516,0.4765431276357802,0.4831170406194799,0.0729886409414304,0.0339681534920381,6.651633262634277,3.145534038543701,2,1049.7894287109375,False,False
ivae_5env,1.0,2.0,10,2000,0.4085502103875612,0.4164828013706989,0.5007437840186724,0.4085502103875612,4000,1.835693359375,0.5006166413941214,0.4931494742873667,0.5007868885171282,0.0920664310065602,0.0766666729166677,6.533561706542969,2.935386657714844,2,1050.26123046875,False,False
ivae_5env,1.0,2.0,11,2000,0.4660567854265742,0.4848004062000997,0.466119226344883,0.4660567854265742,4000,1.934326171875,0.4662689546366346,0.4579042654760647,0.4661650733099008,0.0002121692100603,-0.0268961407240349,6.654560089111328,3.1839585304260254,2,1048.5697021484375,False,False
ivae_5env,1.0,2.0,12,2000,0.414130476479625,0.4260898522724614,0.5082643987321613,0.414130476479625,4000,1.618896484375,0.5083900536466137,0.5034514461128596,0.5082326283040028,0.0942595771669886,0.0773615938403982,6.64289665222168,3.1739420890808105,2,1049.363037109375,False,False
ivae_5env,1.0,2.0,13,2000,0.4570774784591752,0.4737497594374382,0.4602466782395429,0.4570774784591752,4000,1.877197265625,0.4600622742922192,0.4523478140869518,0.4602554355540961,0.002984795833044,-0.0214019453504863,6.643571853637695,3.1734442710876465,2,1050.1107177734375,False,False
ivae_5env,1.0,2.0,14,2000,0.3181524362370862,0.3211783935445972,0.5021685428158622,0.3181524362370862,4000,1.786376953125,0.5028726435675956,0.4959645174911275,0.5021832205949248,0.1847202073305094,0.1747861239465303,6.805691719055176,3.3246326446533203,2,1046.927734375,False,False
ivae_5env,1.0,2.0,15,2000,0.4466563550755382,0.4459295337323818,0.4925473265930835,0.4466563550755382,4000,1.704833984375,0.4927981642999953,0.4796962461740597,0.4925553920712997,0.0461418092244571,0.0337667124416778,6.602887630462647,2.9005062580108643,2,1049.343505859375,False,False
ivae_5env,1.0,2.0,16,2000,0.3239601823524606,0.3264485683621409,0.4984276603863121,0.3239601823524606,4000,1.787353515625,0.4990053769722408,0.4921678297919556,0.4984374532163049,0.1750451946197801,0.1657192614298147,6.793534278869629,3.352271795272827,2,1052.3565673828125,False,False
ivae_5env,1.0,2.0,17,2000,0.3496301290100401,0.3557753704438413,0.4849154366657631,0.3496301290100401,4000,1.871826171875,0.4852127608539933,0.4756081931520464,0.4848983210800511,0.1355826318439531,0.1198328227082051,6.672353267669678,3.252208948135376,2,1047.779052734375,False,False
ivae_5env,1.0,2.0,18,2000,0.4453056830720082,0.4618849709712411,0.484795532727745,0.4453056830720082,4000,1.822998046875,0.4853537314185621,0.4766288136572016,0.4847585905766651,0.0400480483465539,0.0147438426859605,6.700906753540039,3.073303937911988,2,1044.65234375,False,False
ivae_5env,1.0,2.0,19,2000,0.3794006909173175,0.3775491951372974,0.4865005372684922,0.3794006909173175,4000,1.864013671875,0.4865837559564121,0.4762399580599877,0.4864605437778805,0.1071830650390945,0.0986907629226903,6.473094940185547,2.736435890197754,2,1048.3189697265625,False,False
ivae_5env,1.0,2.0,20,2000,0.6789677209941603,0.705933546233384,0.6912116696693686,0.6789677209941603,4000,1.026123046875,0.6918770691038629,0.6883331718332903,0.6911336326137395,0.0129093481097026,-0.0176003744000936,6.68179988861084,3.0211217403411865,2,1044.2703857421875,False,False
ivae_5env,1.0,2.0,21,2000,0.4352548457993346,0.4475380928845215,0.4990022657684972,0.4352548457993346,4000,1.819580078125,0.4992442347174945,0.492260839565208,0.4990444472953723,0.0639893889181599,0.0447227466806864,6.544422149658203,2.71306586265564,2,1049.64697265625,False,False
ivae_5env,1.0,2.0,22,2000,0.4164350549063497,0.4439536529884118,0.4705032318743953,0.4164350549063497,4000,1.853271484375,0.4711756760876169,0.4552222715555662,0.470534497779183,0.0547406211812672,0.0112686185671543,6.725411891937256,3.2437729835510254,2,1048.136474609375,False,False
ivae_5env,1.0,2.0,23,2000,0.4727008074647891,0.4872273970568476,0.4857611059671451,0.4727008074647891,4000,1.759521484375,0.4861534403545108,0.4778282432070591,0.4857153850104443,0.0134526328897217,-0.0093991538497885,6.554839134216309,2.781216621398926,2,1048.56298828125,False,False
ivae_5env,1.0,2.0,24,2000,0.4055546831963343,0.3950246360061576,0.5205723006510762,0.4055546831963343,4000,1.612548828125,0.521365653220198,0.5164052461013097,0.52061757524541,0.1158109700238637,0.121380610095152,6.507185935974121,2.827456474304199,2,1048.718505859375,False,False
